"ns","nf","entropy","lt","ndev","pd","npt","exp","sexp","bug","bugdensity","churn","churnp"
0,0,0,4.14313472639153,0.693147180559945,0,0.693147180559945,9.9681041956221,7.04490511712937,1,1,0,0
0,0.693147180559945,0.693147180559945,5.25227342804663,0.693147180559945,1.94591014905531,0.405465108108164,9.96368855522688,7.03614849375054,1,0.0416666668576389,22.99999989,3.17805382576461
0,1.09861228866811,0.48915025342872,7.67306807049733,1.79175946922805,2.39789527279837,0.510825623965991,9.9681041956221,7.04490511712937,1,0.10000001331604,8.99999866839621,2.30258495983366
0,0.693147180559945,0.693147180559945,8.06683531441734,1.79175946922805,4.04305126783455,0.405465108108164,9.96697865031733,7.03966034986208,1,0.111111093876546,8.000001396,2.19722473244732
0.693147180559945,1.6094379124341,0.611243712870783,6.30408310484979,3.09104245335832,4.12713438504509,0.693147180559945,7.49443021503157,7.0825485693553,1,0.0322580652055151,29.9999993375,3.43398718311418
0.693147180559945,2.70805020110221,0.414511050587471,4.54258531076098,1.79175946922805,6.59987049921284,0.382992252483378,8.43468076984177,8.14931284363534,1,0.00529100527473316,188.000000581257,5.24174701813507
0,1.79175946922805,0.486397700332353,4.43279896008691,1.09861228866811,5.28826703069454,0.405465108108164,4.8283137373023,2.99573227355399,1,0.00571428571877636,173.999999862474,5.16478597313765
0,1.38629436111989,0.559204310147191,3.91701054693918,0.693147180559945,4.40671924726425,0.405465108108164,8.71669957296429,5.44241771052179,1,0.051282051251808,18.5000000115,2.97041446615944
0,0,0,6.24804287450843,1.94591014905531,3.85014760171006,0.693147180559945,8.71850004812127,8.1744211526465,1,0.153846156639053,5.499999882,1.87180215874775
0.693147180559945,2.07944154167984,0.472966559180386,4.97414418551384,2.19722457733622,7.71601526664259,0.559615787935423,9.18921887535407,8.96021095557699,1,0.00272108843552224,366.49999998,5.90672331859847
0.693147180559945,0.693147180559945,0.207336808387675,5.81562195641174,2.19722457733622,3.09104245335832,0.693147180559945,6.60394382460047,6.60394382460047,1,0.0105820105872736,93.499999953,4.54859983400234
0.693147180559945,2.77258872223978,0.461014869871995,5.21967992103096,2.30258509299405,5.67332326717149,0.362905493689368,6.5792512120101,6.5792512120101,1,0.00210084033818675,474.999999535,6.16541785325453
0,0,0,4.88280192258637,1.38629436111989,3.71357206670431,0.693147180559945,6.7093043402583,4.77912349311153,1,0.0111731843589151,88.499999989,4.4942386251579
0,0,0,7.49108759353488,1.09861228866811,0,0.693147180559945,6.45990445437753,6.45204895443723,1,0.0444444436602469,21.500000397,3.11351532685482
0.693147180559945,1.38629436111989,0.506058999039042,5.72113111299081,2.39789527279837,3.87120101090789,0.693147180559945,6.67708346124714,6.67708346124714,1,0.00884955751609367,112.000000077,4.72738781939376
0,0,0,5.33271879326537,0.693147180559945,0,0.693147180559945,6.64509096950564,6.48616078894409,1,1,0,0
0,1.6094379124341,0.589120416171441,4.8283137373023,2.07944154167984,6.40025744530882,0.693147180559945,6.64509096950564,6.48616078894409,1,0.0666666671111111,13.9999999,2.70805019443554
0,1.6094379124341,0.664044550446073,4.00003388275086,2.19722457733622,7.69666708152646,0.470003629245736,6.70808408385307,6.55393340402581,1,0.0132450330950397,74.5000001,4.32413265757948
0,2.30258509299405,0.467082964503787,4.73180283692146,2.30258509299405,6.58617165485467,0.587786664902119,6.59441345974978,6.4281052726846,1,0.00892857144351882,110.9999998125,4.71849886962099
0,0.693147180559945,0.464785525466634,5.06259503302697,2.07944154167984,4.06044301054642,0.693147180559945,6.70196036600254,6.54678541076052,1,0.1249999981875,7.000000116,2.07944155617984
0,3.2188758248682,0.630946002506565,5.31713912078862,2.39789527279837,7.98514393119862,0.56531380905006,6.63725803128446,6.47697236288968,1,0.00651465797260448,152.500000185,5.03370056823246
0,2.39789527279837,0.551767861360758,4.98173687962403,2.19722457733622,5.92958914338989,0.59783700065562,6.69084227741856,6.53378883793334,1,0.00544959130020687,182.499999341609,5.21221466390666
0,0,0,5.10594547390058,1.94591014905531,1.79175946922805,0.693147180559945,9.19542975924043,8.96200720958831,1,0.0540540540891161,17.499999988,2.91777073143563
0,1.38629436111989,0.574451224068115,6.00326959255774,2.39789527279837,4.11087386417331,0.693147180559945,9.19532825185568,8.96187901267768,1,0.0277777773109568,35.000000605,3.58351895526167
0,0,0,6.08221891037645,0.693147180559945,2.39789527279837,0.693147180559945,9.19013766465866,8.95531908176395,1,0.153846152366864,5.5000000625,1.87180218651698
0,1.09861228866811,0.519643842140404,6.73379863848014,1.38629436111989,6.13556489108174,0.693147180559945,6.45676965557216,6.44888939414686,1,0.0176991151404821,55.4999996927959,4.03424063271515
0,1.94591014905531,0.588829159648925,4.8408068017755,1.6094379124341,5.82600010738045,0.53899650056602,9.19624144759668,8.96303219366268,1,0.00427350427522984,232.999999905515,5.45532111495392
0,1.38629436111989,0.417572195976406,5.62040086571715,2.30258509299405,3.29583686600433,0.559615787935423,6.65027904858742,6.49223983502047,1,0.00701754386703601,141.49999985,4.95934199865607
0,1.6094379124341,0.613057692292214,5.10351828824297,2.07944154167984,1.94591014905531,0.336472236621213,6.69703424766648,6.5410299991899,1,0.0158730158785588,61.999999978,4.14313472604233
0,3.76120011569356,0.630334589414625,3.98984500231697,1.79175946922805,8.12917499691179,0.365934269270884,7.09423484592476,6.27476202124194,1,0.00116959064233344,854.000000688196,6.75110146974167
0,0,0,6.0591231955818,2.83321334405622,0.693147180559945,0.693147180559945,6.74405918631135,5.68017260901707,1,0.0526315792368421,17.9999998955,2.94443897366644
0,1.38629436111989,0.658365781414732,4.71626423349368,2.70805020110221,5.31811999384422,0.405465108108164,9.60096253321457,7.22983877815125,1,0.0185185185466392,52.999999918,3.98898404504576
0,0,0,4.67282883446191,2.484906649788,5.64544689764324,0.693147180559945,8.47052078321781,5.38449506278909,1,0.0333333332933333,29.000000036,3.40119738286216
0,0,0,6.01859321449623,1.6094379124341,5.64544689764324,0.693147180559945,8.47114925291483,5.39816270151775,1,0.0253164557026118,38.49999999,3.67630067165391
0,1.79175946922805,0.562152574427163,5.73925686274262,2.99573227355399,4.47733681447821,0.693147180559945,8.45019832259196,5.34233425196481,1,0.125000008839893,6.99999943424691,2.0794414709607
0,1.94591014905531,0,4.68872320867497,0.693147180559945,0,0.133531392749523,8.45659356928731,8.14989054440242,1,1,0,0
0,0,0,4.31748811353631,0.693147180559945,0,0.693147180559945,8.46947245520483,8.150467911624,1,1,0,0
0.693147180559945,1.09861228866811,0.692933581749344,4.82028156560504,1.09861228866811,5.97380961186926,0.693147180559945,9.60217973650253,7.25417784645652,1,0.0212765957634676,45.9999999585,3.85014760082708
0,1.94591014905531,0.502756159236261,5.5024237119004,1.38629436111989,7.90544164906029,0.45198512347033,8.3091845276863,8.26590733415575,1,0.00138792505169645,719.500000182076,6.57994541569228
0,0,0,5.42053499927229,1.38629436111989,0,0.693147180559945,8.31041499418829,8.26719218593215,1,0.0714285711734694,13.00000005,2.63905733318669
0,0,0,6.94505106372583,1.38629436111989,0.693147180559945,0.693147180559945,8.31016902198191,8.26693534761046,1,0.0689655176504162,13.499999914,2.67414864349549
0,1.38629436111989,0.599202374808092,6.32525461850926,2.19722457733622,5.19849703126583,0.693147180559945,8.30152165494073,8.25790419346567,1,0.01418439706554,69.500000485,4.25561271669766
0,1.09861228866811,0.525210082200364,6.77346169116064,2.484906649788,4.0943445622221,0.510825623965991,8.79391542363168,8.79391542363168,1,0.0200000000807481,48.9999997981298,3.91202300139074
0,0,0,5.95324333428778,0.693147180559945,2.07944154167984,0.693147180559945,7.84424071814181,7.84424071814181,1,0.0232558139534884,42,3.76120011569356
0,0.693147180559945,0,6.65672652417839,0.693147180559945,1.38629436111989,0.693147180559945,8.08209327817838,8.05769419481559,1,0.0099999999544,99.000000456,4.60517019054809
0,0,0,7.26262860097424,0.693147180559945,1.38629436111989,0.693147180559945,8.08394570229562,8.05959232888755,1,0.333333376388894,1.9999996125,1.09861215950143
0,1.6094379124341,0.324241989690576,5.85850441985175,1.09861228866811,3.93182563272433,0.693147180559945,8.06463647577422,8.03980234373648,1,0.017857142989477,54.999999585,4.02535168332443
0,0,0,4.99043258677874,0.693147180559945,0,0.693147180559945,8.0925452638913,8.0684029585697,1,0.181818180892562,4.500000028,1.70474809732933
0.693147180559945,3.93182563272433,0.629581506586412,5.08335107450538,1.94591014905531,9.56149007987208,0.358633808410367,9.96665012749377,9.37492217229213,1,0.00333889816331332,298.500000026255,5.70211441764317
0,0,0,5.54517744447956,0.693147180559945,3.66356164612965,0.693147180559945,9.96707249416124,8.64259160081057,1,0.285714287142857,2.4999999825,1.25276296349537
0,0,0,5.41610040220442,0.693147180559945,2.83321334405622,0.693147180559945,9.96702557334012,8.64241515616962,1,0.0416666666388889,23.000000016,3.17805383101461
0,0.693147180559945,0.651437205443258,5.48479693349065,2.19722457733622,1.94591014905531,0.405465108108164,5.90536184805457,5.84643877505772,1,0.0487804878048781,19.5,3.02042488614436
0,1.38629436111989,0.557965402226404,5.9408289311394,2.83321334405622,4.00733318523247,0.559615787935423,5.87773578177964,5.8171111599632,1,0.0540540525916728,17.5000005005,2.91777075913833
0,0,0,4.35670882668959,2.19722457733622,3.43398720448515,0.693147180559945,9.60588981529697,7.42237370098682,1,0.117647058719723,7.5000000075,2.14006616437862
0,0.693147180559945,0.683030558166105,6.30078579466324,2.83321334405622,5.50533153593236,0.693147180559945,9.60265269350605,7.41336733569524,1,0.0400000000512,23.999999968,3.2188758235882
0,0,0,7.08422642209792,1.09861228866811,1.09861228866811,0.693147180559945,9.6038678425113,8.86502918668777,1,0.00696864110721267,142.50000016,4.96633503631466
0,0,0,7.12367278520461,1.09861228866811,0.693147180559945,0.693147180559945,9.60339546000766,8.86488793377419,1,0.00362318840658475,274.99999994,5.62040086549976
0,0,0,7.15617663748062,1.09861228866811,2.56494935746154,0.693147180559945,9.60272024053569,8.86418136976543,1,0.0298507463363778,32.499999924,3.51154543656236
0,0,0,5.70711026474888,1.79175946922805,3.40119738166216,0.693147180559945,7.84188592898462,7.66199755890189,1,0.500000025000001,0.9999999,0.693147130559944
0,0,0,4.15888308335967,0.693147180559945,0,0.693147180559945,5.98896141688986,5.93224518744801,1,1,0,0
0.693147180559945,2.484906649788,0.601518060733499,6.64150848725042,3.3322045101752,6.93634273583405,0.693147180559945,7.84698098213879,7.67136092319064,1,0.00183654728729991,543.5000011245,6.29986794443821
0,0,0,5.13579843705026,0.693147180559945,0,0.693147180559945,5.9427993751267,5.88332238848828,1,1,0,0
0,0.693147180559945,0.543444648455424,4.4188406077966,1.79175946922805,1.09861228866811,0.405465108108164,9.60184177306696,8.86347430617095,1,0.0540540540891161,17.499999988,2.91777073143563
0,0.693147180559945,0.590404080368596,5.41164605185504,2.70805020110221,4.33073334028633,0.693147180559945,7.49554194388426,7.05703698169789,1,0.0161290322520812,61.000000023,4.12713438541606
0,0,0,5.4971682252932,2.56494935746154,5.59842195899838,0.693147180559945,7.49052940206071,7.05012252026906,1,0.0425531915301041,22.4999999775,3.15700042019267
0,2.83321334405622,0.569311113151533,6.01285184657909,3.2188758248682,6.84161547647759,0.663294217622385,5.98896141688986,5.93224518744801,1,0.00153256705008465,651.499999882395,6.48081113901661
0,0,0,7.38212436573751,3.25809653802148,2.19722457733622,0.693147180559945,7.85360481309784,7.67508185771633,1,0.0714285720918368,12.99999987,2.63905732032954
0,1.38629436111989,0.317447840653034,6.20758348348523,3.29583686600433,4.11087386417331,0.559615787935423,7.51152464839087,7.08170858610557,1,0.0186915888266224,52.499999881,3.97968165167766
0,1.6094379124341,0.521152933454698,6.1497495260737,3.09104245335832,4.89783979995091,0.693147180559945,5.8664680569333,5.80513496891649,1,0.028985507021214,33.500000268,3.54095933180543
0,0,0,5.04342511691925,1.94591014905531,3.25809653802148,0.693147180559945,7.51697722460432,7.09007683577609,1,0.333333333111111,2.000000002,1.09861228933478
0,0.693147180559945,0.616484891452985,5.28320372873799,1.6094379124341,3.89182029811063,0.693147180559945,7.50549227473742,7.07242190053737,1,0.10000000068,8.999999932,2.30258508619405
0,0,0,5.44673737166631,1.6094379124341,0.693147180559945,0.693147180559945,7.51752085060303,7.09090982207998,1,0.0714285711658163,13.0000000515,2.63905733329383
0,0,0,5.40717177146012,1.6094379124341,0.693147180559945,0.693147180559945,7.50439155916124,7.07072410726028,1,0.222222219654321,3.500000052,1.50407740833183
0,1.94591014905531,0.448561548993179,5.71796710969511,3.25809653802148,6.3578422665081,0.53899650056602,7.50933526601659,7.07834157955767,1,0.0139860139511329,70.5000001783208,4.26969745219396
0,0.693147180559945,0,3.13549421592915,0.693147180559945,0,0.405465108108164,5.89440283426485,5.8348107370626,1,1,0,0
0,1.38629436111989,0.513198477121447,5.03695260241363,2.19722457733622,4.14313472639153,0.693147180559945,5.89440283426485,5.8348107370626,1,0.04651162794159,20.499999984,3.06805293438943
0,0,0,5.61312810638807,1.94591014905531,1.09861228866811,0.693147180559945,7.85205020726589,7.67368812926773,1,0.0714285708979592,13.000000104,2.63905733704383
0,0,0,6.10255859461357,1.6094379124341,3.40119738166216,0.693147180559945,9.60245002503719,8.86403999703599,1,0.0689655178692033,13.499999868,2.67414864032308
0,1.38629436111989,0.51093063165247,4.70727540892524,1.79175946922805,2.63905732961526,0.405465108108164,7.51588908521513,7.08840877867539,1,0.00995024874047672,99.500000159,4.61015772908122
0,0.693147180559945,0.68792734137239,6.75576892198425,3.25809653802148,5.66642668811243,0.693147180559945,7.50108212425987,7.06561336359772,1,0.0384615373668639,25.00000074,3.25809656648302
0,1.6094379124341,0,3.28091121578765,0.693147180559945,0,0.182321556793955,7.49997654095212,7.06390396147207,1,1,0,0
0,1.09861228866811,0,4.02535169073515,0.693147180559945,0,0.287682072201781,8.4755375161474,5.98141421125448,1,1,0,0
0,0,0,3.09104245335832,0.693147180559945,0,0.693147180559945,5.8664680569333,5.80513496891649,1,1,0,0
0,0,0,4.91998092582813,2.484906649788,5.08140436498446,0.693147180559945,8.47135865507244,5.93489419561959,1,0.500000006,0.999999976,0.693147168559945
0.693147180559945,1.79175946922805,0.580849635924626,3.90868410409574,1.94591014905531,3.76120011569356,0.405465108108164,9.60170655570485,9.07337451690302,1,0.00980392155833278,101.000000107106,4.62497281433433
0,1.09861228866811,0.458482430638115,3.54577861056942,0.693147180559945,2.94443897916644,0.510825623965991,9.60116550334483,8.86220033048729,1,0.0909090908926438,10.0000000019901,2.39789527297929
0,0,0,3.17805383034795,0.693147180559945,0,0.693147180559945,9.60170655570485,8.86319134069085,1,1,0,0
0.693147180559945,1.6094379124341,0.550441524783799,3.7796338173824,1.09861228866811,4.15888308335967,0.470003629245736,9.60562045502598,9.07909208536623,1,0.0357142856594388,27.000000043,3.33220451171092
0,0,0,4.40671924726425,0.693147180559945,0,0.693147180559945,9.60528365262476,8.86742743852498,1,0.285714285918367,2.4999999975,1.25276296778108
0,1.09861228866811,0.604304673346935,3.85014760171006,0.693147180559945,3.04452243772342,0.693147180559945,9.60521627853008,8.86728652398942,1,0.0377358490950516,25.499999973,3.27714473197331
0.693147180559945,2.83321334405622,0.543489574409347,6.21024565559026,3.3322045101752,6.58202513889283,0.534082485964741,8.4755375161474,6.08449941307517,1,0.00766283518510101,129.500001088933,4.87137323510707
0,2.07944154167984,0.648452163791572,6.94505106372583,1.94591014905531,6.62671774924902,0.405465108108164,9.99218500729742,7.26332961747684,1,0.00354609933454052,280.99999652,5.64190705859769
0,1.38629436111989,0.637896615970611,7.4759059693674,1.79175946922805,3.55534806148941,0.405465108108164,9.99465279028822,7.28824440102012,1,0.0208333340451389,46.99999836,3.87120097674122
0,0.693147180559945,0.693147180559945,6.04973345523196,1.6094379124341,2.39789527279837,0.405465108108164,9.99117786566312,7.25488481007734,1,0.0256410257429323,37.999999845,3.66356164215529
1.09861228866811,3.2188758248682,0.521162227530923,4.05560373390567,1.09861228866811,6.57228254269401,0.444685821261446,8.49249057877587,6.4707995037826,1,0.00103039670262438,969.5000001,6.8778114027121
0,0.693147180559945,0.689656404384094,5.29831736654804,1.09861228866811,2.19722457733622,0.405465108108164,5.24702407216049,4.85203026391962,1,0.00884955752760592,111.99999993,4.72738781809287
0.693147180559945,1.38629436111989,0.683433553670184,4.5798523780038,1.38629436111989,3.29583686600433,0.559615787935423,8.51919119407891,6.53087762772588,1,0.0229885057355001,42.500000022,3.77276093860039
0,2.39789527279837,0,3.28227733635522,0.693147180559945,0,0.087011377072963,5.16478597392351,4.72738781871234,1,1,0,0
0,2.56494935746154,0,2.78690877596714,0.693147180559945,0,0.0741079722251505,5.24702407216049,4.85203026391962,1,1,0,0
0.693147180559945,1.38629436111989,0,1.94591014905531,0.693147180559945,0,0.22314355131421,8.49678638163858,6.4723462945009,1,1,0,0
0,0,0,6.42162226780652,1.09861228866811,0,0.693147180559945,8.7216023446742,4.59511985013459,1,0.250000018625001,2.999999702,1.38629428661989
0,0.693147180559945,0.555313730198117,6.6496320087719,2.30258509299405,1.94591014905531,0.405465108108164,9.19917830726999,7.4489161025442,1,0.0952380928571429,9.5000002625,2.35137528216348
0,0,0,7.04664727784876,2.30258509299405,0.693147180559945,0.693147180559945,9.20029003612268,7.45240245122364,1,0.500000040000003,0.99999984,0.693147100559942
0.693147180559945,1.79175946922805,0.343869268145368,5.58098689705065,2.39789527279837,5.03695260241363,0.606135803388497,9.19978485803667,9.16398224799803,1,0.0149253731649193,65.9999998626772,4.20469261734137
0,1.38629436111989,0.316945241192223,4.49702802736839,2.07944154167984,4.34380542185368,0.405465108108164,6.73101810048208,6.5792512120101,1,0.0307692307242604,31.5000000475,3.48124009079723
0,0,0,4.4188406077966,1.94591014905531,2.07944154167984,0.693147180559945,6.75693238924755,6.60934924316738,1,0.499999999,1.000000004,0.693147182559945
0,2.19722457733622,0.389909726720098,4.93127136866459,2.39789527279837,4.26267987704132,0.367724779817625,6.75110146893676,6.60258789218934,1,0.0140845070341962,70.0000000406171,4.26267987761339
0,0,0,5.22035582507832,0.693147180559945,0.693147180559945,0.693147180559945,6.73696695800186,6.58617165485467,1,0.0833333335833333,10.999999964,2.484906646788
0,0,0,5.07517381523383,0.693147180559945,0,0.693147180559945,6.72503364216684,6.57228254269401,1,1,0,0
0,1.79175946922805,0.429711014761432,5.52611672953115,2.39789527279837,4.4188406077966,0.606135803388497,6.72503364216684,6.57228254269401,1,0.0049382716021497,201.500000114349,5.31073988711128
0,0,0,6.32256523992728,2.19722457733622,0.693147180559945,0.693147180559945,9.20079495913265,8.96597318421035,1,0.0240963854190739,40.500000212,3.72569343234509
0,0,0,6.25575004175337,2.19722457733622,1.38629436111989,0.693147180559945,6.73459165997295,6.58340922215876,1,0.0363636363371901,26.50000002,3.3141860053998
0,0.693147180559945,0.401579525667147,4.98360662170834,2.07944154167984,3.66356164612965,0.693147180559945,6.74051935960622,6.59030104819669,1,0.0512820512426036,18.500000015,2.97041446633893
0,3.04452243772342,0.559534236610204,5.09637602270961,2.39789527279837,6.92067150424868,0.510825623965991,6.7945865808765,6.65286302935335,1,0.00746268658639981,132.999999654605,4.89783979737334
0,0,0,5.37527840768417,1.6094379124341,1.6094379124341,0.693147180559945,9.20109779060925,8.96635615479012,1,0.095238095260771,9.4999999975,2.35137525692538
0,0,0,4.47733681447821,1.79175946922805,1.6094379124341,0.693147180559945,6.79570577517351,6.65415252018322,1,0.00865800865815858,114.499999998,4.74927052994453
0,0,0,5.4971682252932,1.09861228866811,2.30258509299405,0.693147180559945,9.19664704484418,8.96354429199674,1,0.2500000001875,2.999999997,1.38629436036989
0,0.693147180559945,0.651437205443258,6.08221891037645,2.19722457733622,5.15905529921453,0.693147180559945,9.20170317858052,8.96712165623092,1,0.399999949600006,1.500000315,0.916290857874147
0,0.693147180559945,0.669166534586183,5.13579843705026,1.79175946922805,1.6094379124341,0.405465108108164,6.75460409948796,6.60665018619822,1,0.0192307692263314,51.000000012,3.9512437188122
0,0.693147180559945,0.550164365915115,5.07517381523383,1.79175946922805,3.61091791264422,0.693147180559945,6.73340189183736,6.58202513889283,1,0.0555555555524691,17.000000001,2.89037175795172
0,1.09861228866811,0.375805247040349,4.33946702029856,2.07944154167984,4.67282883446191,0.693147180559945,6.76734312526539,6.62140565176413,1,0.057142857266198,16.4999999622269,2.862200878771
0,0.693147180559945,0.306823912358406,4.31079912538551,1.79175946922805,4.18965474202643,0.693147180559945,7.13648320859025,6.31173480915291,1,0.0434782608544423,22.000000008,3.13549421627698
0,0.693147180559945,0,3.92197333628131,0.693147180559945,0,0.405465108108164,7.14598446771439,5.91620206260743,1,1,0,0
0,3.04452243772342,0,2.96429074767003,1.94591014905531,8.13241267450091,0.510825623965991,7.2115567333138,5.53338948872752,1,1,0,0
0,2.83321334405622,0,4.63244196624956,0.693147180559945,0,0.0571584134510598,7.2115567333138,5.53338948872752,1,1,0,0
0,0.693147180559945,0.667548315133995,5.62582093318649,1.09861228866811,2.19722457733622,0.693147180559945,3.36729582998647,3.25809653802148,1,0.0500000000225,18.999999991,2.99573227310399
0,2.89037175789616,0,4.27666611901606,0.693147180559945,0,0.0540672216913285,7.18311170174328,5.37063802812766,1,1,0,0
0,3.40119738166216,0,3.2188758248682,1.94591014905531,8.43054538469057,0.382992252483378,7.1693500166706,5.28320372873799,1,1,0,0
0,1.09861228866811,0.475984147119889,4.91754487127415,2.70805020110221,4.11087386417331,0.510825623965991,9.60649561075857,7.23705902612474,1,0.00124069478870662,805.000000243789,6.6920837428091
0.693147180559945,1.6094379124341,0.294531116857892,4.18357569595004,1.38629436111989,2.19722457733622,0.693147180559945,8.50572771330696,5.6021188208797,1,0.00675675675134679,147.0000001185,4.99721227456479
0,0,0,4.14313472639153,2.30258509299405,5.78689738136671,0.693147180559945,9.61092693263324,7.24422751560335,1,0.0869565218374291,10.499999987,2.44234703423877
0,1.6094379124341,0.517547796650168,3.80220813942094,1.09861228866811,2.77258872223978,0.587786664902119,8.50855599802057,5.48063892334199,1,0.029850746265538,32.5000000035,3.5115454389355
0,1.09861228866811,0.664999451611046,4.76217393479776,1.38629436111989,0,0.510825623965991,4.0943445622221,3.91202300542815,1,0.0425531917501132,22.499999856,3.15700041502245
0,1.79175946922805,0.105820150609496,4.42284862915414,2.70805020110221,4.87519732320115,0.405465108108164,3.17805383034795,3.04452243772342,1,0.0100000000152008,98.9999998479919,4.60517018446801
0,0,0,4.21950770517611,1.38629436111989,0,0.693147180559945,4.38202663467388,4.12713438504509,1,0.28571428755102,2.4999999775,1.2527629620668
0,1.38629436111989,0,3.3322045101752,0.693147180559945,0,0.22314355131421,3.17805383034795,3.04452243772342,1,1,0,0
0,1.09861228866811,0.685702052244799,5.92781451994272,2.99573227355399,4.81218435537242,0.510825623965991,3.87120101090789,3.76120011569356,1,0.00966183573797543,102.500000115873,4.63957161382497
0,1.38629436111989,0.533160410673638,5.22440168359787,2.89037175789616,4.89783979995091,0.559615787935423,3.46573590279973,3.36729582998647,1,0.00245398773005533,406.500000001,6.01004093268337
0,0.693147180559945,0.613325448386191,3.87120101090789,1.09861228866811,2.70805020110221,0.405465108108164,4.33073334028633,4.0943445622221,1,0.0185185185260631,52.999999978,3.98898404615687
0,1.38629436111989,0,3.26766598903763,0.693147180559945,0,0.22314355131421,3.46573590279973,3.36729582998647,1,1,0,0
0,2.39789527279837,0.622649712377717,5.52182448816255,3.04452243772342,4.84418708645859,0.492476484875572,3.80666248977032,3.68887945411394,1,0.00833333332053173,119.000000184343,4.78749174431824
0,0.693147180559945,0,4.47733681447821,2.30258509299405,2.19722457733622,0.405465108108164,8.49719454490955,5.43372200355424,1,0.00308641975321978,322.999999986,5.78074351574912
0,0,0,4.34380542185368,1.79175946922805,0.693147180559945,0.693147180559945,9.99497224265831,2.19722457733622,1,0.19999999984,4.000000004,1.6094379132341
0,0,0,4.34380542185368,1.6094379124341,1.79175946922805,0.693147180559945,9.60958618027043,7.24064969425547,1,0.036363636366281,26.499999998,3.3141860045998
0.693147180559945,0.693147180559945,0,4.14313472639153,0.693147180559945,0,0.405465108108164,8.50653661122771,8.2728260036504,1,1,0,0
0.693147180559945,1.6094379124341,0.404288753140555,4.08092154188996,1.79175946922805,5.51745289646471,0.693147180559945,2.30258509299405,2.30258509299405,1,0.0606060604040404,15.500000055,2.80336038423987
0.693147180559945,1.94591014905531,0.475012689181968,3.58351893845611,1.6094379124341,3.09104245335832,0.251314428503128,4.20469261939097,4.20469261939097,1,0.02,49,3.91202300542815
0,0,0,4.85981240436167,0.693147180559945,0,0.693147180559945,3.52636052461616,1.79175946922805,1,1,0,0
0,0.693147180559945,0,4.76217393479776,0.693147180559945,0,0.405465108108164,4.27666611901606,2.83321334405622,1,1,0,0
0,0.693147180559945,0,4.21950770517611,0.693147180559945,0,0.405465108108164,4.36944785246702,2.94443897916644,1,1,0,0
0,1.09861228866811,0.358709389649924,6.12541251954483,2.07944154167984,5.80513496891649,0.510825623965991,4.72738781871234,4.72738781871234,1,0.023255813937841,42.0000000289321,3.7612001163664
0,0,0,6.84054652928869,2.07944154167984,0.693147180559945,0.693147180559945,8.31947369244219,8.27664912542186,1,0.0799999990016,11.500000156,2.52572865678826
0,0,0,5.24702407216049,2.07944154167984,4.7361984483945,0.693147180559945,8.31996102188653,8.27715777243181,1,0.0740740742167353,12.499999974,2.60268968351846
0,1.09861228866811,0.580423400820673,7.68371057088282,3.09104245335832,4.21950770517611,0.693147180559945,7.91862865334224,7.91862865334224,1,0.015267175172216,64.5000017174002,4.18205016886106
0,0.693147180559945,0.627851135240034,7.20637729147225,2.56494935746154,4.72738781871234,0.693147180559945,8.80777106698004,8.80777106698004,1,0.00536193030528502,185.499999639,5.22843123714821
0,0,0,8.22630598801551,2.94443897916644,1.79175946922805,0.693147180559945,7.92479591395644,7.92479591395644,1,0.0198019804713263,49.499999303,3.92197332247933
0,1.09861228866811,0.40781486992095,7.54362639189884,2.94443897916644,3.85014760171006,0.693147180559945,7.9229859587112,7.9229859587112,1,0.0206185562844563,47.5000009798878,3.88156381814731
0,0,0,4.71849887129509,1.09861228866811,0,0.693147180559945,8.10621290261996,8.08240225392624,1,0.0909090909917355,9.99999999,2.39789527188928
0,1.38629436111989,0.0520192460208885,4.71177992104635,1.94591014905531,3.93182563272433,0.693147180559945,8.12058871174027,8.09712193091871,1,0.0273972603445299,35.499999906,3.5973122580131
0,0,0,7.45240245122364,0.693147180559945,0.693147180559945,0.693147180559945,8.11581970121133,8.09223940672421,1,0.00746268656950323,132.999999958,4.89783979963748
0,0,0,7.41758040241454,0.693147180559945,0,0.693147180559945,8.10892415597534,8.08517874807454,1,0.0606060596657484,15.500000256,2.80336039642169
0,1.6094379124341,0.264193493484425,5.90753931217022,1.94591014905531,3.71357206670431,0.587786664902119,8.10349427838097,8.07961802938984,1,0.01550387604543,63.499999682,4.16666521887149
0,1.09861228866811,0.396895962292982,6.34035930372775,1.09861228866811,4.02535169073515,0.693147180559945,8.10470346837111,8.08085641964099,1,0.0129870131182324,75.999999222,4.34380541174979
0.693147180559945,1.6094379124341,0.531868327731522,5.39816270151775,1.94591014905531,6.5694814204143,0.693147180559945,9.96955615250583,9.37687124286381,1,0.0246913582990398,39.49999955,3.70130196300138
1.38629436111989,1.79175946922805,0.658955241381066,4.48300255201388,1.79175946922805,7.3004728142678,0.405465108108164,9.96880701865677,9.9066326016802,1,0.0168067226784832,58.5000000375,4.08597631318184
0,0,0,5.46383180502561,0.693147180559945,1.6094379124341,0.693147180559945,9.98966524877718,8.89604050162011,1,0.50000000875,0.999999965,0.693147163059945
0,1.09861228866811,0.583719297142995,4.85722508105579,1.09861228866811,5.71702770140622,0.510825623965991,9.9910862570152,8.65591111072806,1,0.015748031500572,62.4999999818185,4.15103990561232
0,1.09861228866811,0.429883476267701,5.19849703126583,1.09861228866811,4.64439089914137,0.693147180559945,9.96932210845767,8.64453043987743,1,0.0131578947264543,75.00000006,4.3307333410758
0,2.07944154167984,0.287427108701286,4.57342148767351,2.83321334405622,7.8991534833431,0.559615787935423,7.52402141520612,7.10085190894405,1,0.0148148147574211,66.5000002615,4.21212760175256
0,0,0,5.06890420222023,1.94591014905531,5.8171111599632,0.693147180559945,9.25502688959859,7.58731050602262,1,0.0833333329652778,11.000000053,2.48490665420467
0,0,0,5.50533153593236,2.484906649788,4.77068462446567,0.693147180559945,6.74993119378857,5.7268477475872,1,0.181818181322314,4.500000015,1.7047480949657
1.09861228866811,2.07944154167984,0.548512764867774,6.17456704888501,3.17805383034795,7.01121398735037,0.628608659422374,7.86748856869913,7.81035268372429,1,0.00591715975219705,168.0000003175,5.12989871680177
0,0,0,6.80128303447162,2.63905732961526,0.693147180559945,0.693147180559945,9.60602446822924,7.42356844425917,1,0.19999999944,4.000000014,1.6094379152341
0,1.09861228866811,0.538825544203786,6.17725231194763,2.89037175789616,5.03043792139244,0.510825623965991,9.60683200528524,7.42535788702715,1,0.0152671756731023,64.499999568473,4.18205013605301
0,0,0,4.61512051684126,0.693147180559945,0.693147180559945,0.693147180559945,7.56475701290573,7.16006920759613,1,0.0555555555555556,17,2.89037175789616
0,0,0,7.10167597161944,1.38629436111989,0,0.693147180559945,9.60817645291986,8.87052254510387,1,0.0392156863752403,24.4999999345,3.23867844959575
0,0,0,7.09506437728713,1.38629436111989,0,0.693147180559945,9.60723552940128,8.86953877719374,1,0.2000000036,3.99999991,1.6094378944341
0,0,0,7.07665381544395,1.09861228866811,2.07944154167984,0.693147180559945,9.60609178789671,8.86827250899781,1,0.499999863250037,1.000000547,0.693147454059908
0,0,0,5.24174701505964,1.38629436111989,1.94591014905531,0.693147180559945,9.61005564810374,8.87360810154911,1,0.133333331946667,6.500000078,2.01490303094226
0,0,0,5.24174701505964,0.693147180559945,1.94591014905531,0.693147180559945,9.60622641363735,8.8685540405312,1,0.042553191511091,22.499999988,3.15700042063948
0,0.693147180559945,0.0948346585802081,4.38202663467388,1.79175946922805,5.91079664404053,0.405465108108164,6.76503897678054,5.0998664278242,1,0.0127388535061057,77.499999982,4.36309862455906
0,2.19722457733622,0,3.72435384220036,0.693147180559945,0,0.105360515557826,7.52886925664225,7.10824413973154,1,1,0,0
0,0.693147180559945,0.612669469161006,4.63957161270542,1.79175946922805,2.56494935746154,0.405465108108164,6.10702288774225,6.05208916892442,1,0.153846152840237,5.5000000425,1.87180218344005
0,1.38629436111989,0.648405775069378,6.22900397870592,2.63905732961526,1.79175946922805,0.693147180559945,6.09582456243222,6.04025471127741,1,0.0091743118981988,108.0000003375,4.69134788532547
0,1.09861228866811,0.557480030542717,5.35185813347607,3.04452243772342,3.2188758248682,0.693147180559945,6.08677472691231,6.03068526026126,1,0.0350877194152047,27.499999905,3.34990408394127
0,1.38629436111989,0.676424364961177,6.38561589531587,3.09104245335832,5.24702407216049,0.693147180559945,7.53155238140729,7.11232744471091,1,0.0799999989696,11.500000161,2.52572865718826
0,0.693147180559945,0.690412786509676,6.60190923590268,3.09104245335832,2.07944154167984,0.693147180559945,6.10255859461357,6.04737217904628,1,0.0416666667326389,22.999999962,3.17805382876461
0,1.09861228866811,0.645439889296958,5.27299955856375,2.77258872223978,3.66356164612965,0.510825623965991,7.56941179245071,7.16549347506085,1,0.0363636364006612,26.499999972,3.31418600365434
0,1.79175946922805,0.497003350972922,6.55369595888638,3.2188758248682,4.80402104473326,0.693147180559945,6.04025471127741,5.98645200528444,1,0.00384615383143223,259.000000995181,5.56068163484315
0,0,0,6.67708346124714,2.484906649788,0,0.693147180559945,6.02586597382531,5.97126183979046,1,0.5000000095,0.999999962,0.693147161559945
0,1.09861228866811,0.66641883361777,6.0096318509816,2.83321334405622,5.8348107370626,0.693147180559945,5.99893656194668,5.9427993751267,1,0.0645161285210801,14.5000001228105,2.74084003184846
0,0,0,7.01660968389422,3.09104245335832,1.79175946922805,0.693147180559945,6.12029741895095,6.06610809010375,1,0.153846150556213,5.500000139,1.87180219828621
0,0.693147180559945,0.157286252491485,6.45362499889269,3.17805383034795,1.38629436111989,0.693147180559945,6.11368217983223,6.0591231955818,1,0.0246913580698064,39.499999926,3.70130197228533
0,0,0,6.98378996525813,3.09104245335832,0,0.693147180559945,7.54644627374602,7.13409372119287,1,0.117647057121107,7.500000123,2.14006617796686
0,0,0,6.95654544315157,3.09104245335832,1.94591014905531,0.693147180559945,6.01859321449623,5.96357934361845,1,0.0104712041880431,94.500000004,4.55912624752857
0,1.09861228866811,0.664125525898806,7.0833878476253,3.17805383034795,3.43398720448515,0.510825623965991,6.04737217904628,5.99396142730657,1,0.0338983044452744,28.5000005565,3.38439028221018
0,0,0,4.49980967033027,0.693147180559945,2.07944154167984,0.693147180559945,6.12249280951439,6.06842558824411,1,0.0909090909545455,9.9999999945,2.39789527229837
0,1.09861228866811,0.58967652853989,6.35379016261353,3.25809653802148,2.39789527279837,0.510825623965991,7.54960916515453,7.13886699994552,1,0.0606060614420546,15.4999997724006,2.80336036711263
0,0,0,7.70706265537047,3.13549421592915,1.94591014905531,0.693147180559945,7.56008046502183,7.15383380157884,1,0.133333337608889,6.4999997595,2.0149029884756
0,1.6094379124341,0.660964859470403,6.15570699050203,3.09104245335832,1.79175946922805,0.182321556793955,7.86365126544865,7.68708015578313,1,0.0219780220089361,44.499999936,3.81771232455031
0,0,0,5.52146091786225,2.70805020110221,0,0.693147180559945,8.51137630609467,6.02586597382531,1,0.333333319888889,2.000000121,1.09861232900144
0.693147180559945,1.09861228866811,0.633723489150332,6.40687998606931,3.13549421592915,3.76120011569356,0.693147180559945,6.05443934626937,6.00388706710654,1,0.105263159750693,8.4999998325,2.25129178097492
0,1.79175946922805,0.426527792179652,5.38678601453564,2.63905732961526,5.53338948872752,0.606135803388497,7.54591815120932,7.13329595489607,1,0.0183486238894033,53.4999998925,3.99820069969672
0,2.484906649788,0.589213909237527,4.40773499134348,2.07944154167984,5.72031177660741,0.559615787935423,8.17948018535889,7.89207842124812,1,0.00961538462534526,102.999999892266,4.64439089810547
0,0,0,5.71042701737487,1.94591014905531,1.38629436111989,0.693147180559945,7.54697411751653,7.13489085156588,1,0.0238095238239796,40.9999999745,3.73766961767623
0,0,0,4.26267987704132,1.94591014905531,2.484906649788,0.693147180559945,6.12686918411419,6.07304453410041,1,0.032786885278151,29.49999997,3.41772668262976
0,0,0,4.89034912822175,1.09861228866811,2.39789527279837,0.693147180559945,7.51860721681525,7.09257371597468,1,0.0571428571428571,16.5,2.86220088092947
0,1.79175946922805,0.630055084312023,5.89623769725662,3.25809653802148,4.02535169073515,0.606135803388497,7.53636393840451,7.11963563801764,1,0.0057971014659521,171.499999503763,5.15039723359468
0,0,0,4.45434729625351,1.09861228866811,3.97029191355212,0.693147180559945,8.1797604936999,7.89245204352035,1,0.0624999999121094,15.0000000225,2.77258872364603
0,0.693147180559945,0,2.2512917986065,0.693147180559945,0,0.405465108108164,7.56164174558878,7.15617663748062,1,1,0,0
0,0,0,5.84354441703136,1.6094379124341,0,0.693147180559945,7.52940645783701,7.10906213568717,1,0.117647059211073,7.499999972,2.14006616020215
0,2.484906649788,0.655548806462707,5.97274882882713,3.3322045101752,6.19031540585315,0.693147180559945,7.86057078553866,7.68340368105383,1,0.00558659219172785,177.999999584848,5.18738580352147
0,1.09861228866811,0,3.01226157534127,0.693147180559945,0,0.287682072201781,7.86057078553866,7.68340368105383,1,1,0,0
0,0.693147180559945,0.692771734088739,5.19295685089021,1.6094379124341,1.09861228866811,0.405465108108164,7.51969240411654,7.09423484592476,1,0.0606060604554637,15.500000041,2.80336038339138
0,0,0,7.41758040241454,2.39789527279837,1.38629436111989,0.693147180559945,7.91971976092457,7.91971976092457,0,0,12.499999616,2.60268965699994
0,0.693147180559945,0.336427983499201,5.51544284553668,3.04452243772342,5.85507192220243,0.693147180559945,7.5137092478397,7.08506429395255,0,0,31.4999999325,3.48124008725877
0,0,0,3.78418963391826,0.693147180559945,0,0.693147180559945,9.60501412900613,8.86686366120209,0,0,11.999999981,2.564949356
0,0,0,6.90675477864855,1.6094379124341,0,0.693147180559945,7.67971363996637,3.55534806148941,0,0,5.999999952,1.94591014219817
0,0,0,5.93224518744801,1.6094379124341,0,0.693147180559945,7.68662133494462,3.91202300542815,0,0,19.499999952,3.0204248838029
0,1.09861228866811,0.540329222930475,6.69497451466224,1.09861228866811,1.79175946922805,0.693147180559945,7.86748856869913,7.86748856869913,0,0,30.9999990567201,3.46573587332223
0,0,0,6.94505106372583,1.38629436111989,3.13549421592915,0.693147180559945,8.31971738685061,8.27690348126706,0,0,1.99999968,1.09861218200144
0,0,0,4.79579054559674,0.693147180559945,4.74493212836325,0.693147180559945,4.96284463025991,4.29045944114839,0,0,9.49999998,2.35137525525872
0,0,0,6.02102334934953,2.83321334405622,0,0.693147180559945,6.7428806357919,5.67675380226828,0,0,12.499999875,2.60268967618512
0,0,0,6.05443934626937,2.39789527279837,0,0.693147180559945,8.80207133653528,8.80207133653528,0,0,1.99999985,1.09861223866811
0,0,0,7.1777824161952,1.6094379124341,0,0.693147180559945,7.86940171257709,7.86940171257709,0,0,0.500000039,0.405465134108164
0,0,0,6.26720054854136,2.39789527279837,5.64897423816121,0.693147180559945,8.53109609658523,8.53109609658523,0,0,9.499999999,2.35137525706824
0,0,0,6.89467003943348,2.70805020110221,1.6094379124341,0.693147180559945,8.50309426703674,8.50309426703674,0,0,3.000000149,1.38629439836989
0,0,0,0,0.693147180559945,0,0.693147180559945,9.60332795857324,8.86474666090541,0,0,0,0
0,1.09861228866811,0.639556673809911,4.79854157869391,1.6094379124341,1.09861228866811,0.693147180559945,7.86172707782398,7.68478394352278,0,0,6.50000011869945,2.01490303636886
0,0,0,3.93182563272433,1.6094379124341,4.39444915467244,0.693147180559945,6.62140565176413,1.79175946922805,0,0,7.5,2.14006616349627
0,0,0,6.9555926083963,1.09861228866811,0,0.693147180559945,7.85748078694253,7.85748078694253,0,0,8.999999728,2.30258506579405
0,0,0,4.92725368515721,2.07944154167984,5.78689738136671,0.693147180559945,9.61106090905359,7.24494154633701,0,0,3.5000000335,1.50407740422072
0,0,0,4.90527477843843,2.56494935746154,0,0.693147180559945,7.9355873855892,7.9355873855892,0,0,8.999999986,2.30258509159405
0,0,0,2.39789527279837,1.6094379124341,6.62539236800796,0.693147180559945,6.75809450442773,6.61069604471776,0,0,17,2.89037175789616
0,0,0,5.78074351579233,1.79175946922805,2.63905732961526,0.693147180559945,7.56268124672188,7.15695636461564,0,0,2.0000000115,1.09861229250144
0,0,0,5.98393628068719,2.19722457733622,0,0.693147180559945,8.2117543973752,8.2117543973752,0,0,1.000000188,0.693147274559941
0,0,0,8.28979058318164,2.83321334405622,0,0.693147180559945,8.54675199365778,8.54675199365778,0,0,4.000000631,1.60943803863409
0,0,0,6.06610809010375,2.56494935746154,5.24174701505964,0.693147180559945,7.55013534248843,7.13966033596492,0,0,65.99999996,4.20469261879395
0,1.09861228866811,0.466273692296602,8.08250522452821,2.484906649788,4.91265488573605,0.693147180559945,8.54422453046727,8.54422453046727,0,0,19.5000022119916,3.02042499404638
0,0,0,5.02388052084628,0.693147180559945,0,0.693147180559945,4.21950770517611,2.56494935746154,0,0,0,0
0,1.38629436111989,0.613523741605994,5.65073325356639,2.19722457733622,6.88857245956536,0.693147180559945,8.71948076085107,8.17611034223734,0,0,22.50000018,3.15700042880969
0,0,0,6.14418563412565,1.38629436111989,1.6094379124341,0.693147180559945,7.69621263934641,4.26267987704132,0,0,4.99999992,1.79175945589472
0,0,0,2.94443897916644,1.09861228866811,1.94591014905531,0.693147180559945,9.19431261089898,8.96059613886479,0,0,5.000000004,1.79175946989472
0,0,0,0,0.693147180559945,0,0.693147180559945,8.48714627006394,6.00141487796115,0,0,0,0
0,0,0,6.87005341179813,1.38629436111989,2.484906649788,0.693147180559945,8.30696586536857,8.26359043261732,0,0,1.499999943,0.916290709074155
0,1.09861228866811,0,2.33537491578478,0.693147180559945,0,0.287682072201781,7.13648320859025,6.31173480915291,0,0,0,0
0,1.79175946922805,0,2.9618307217059,1.6094379124341,3.13549421592915,0.510825623965991,8.07371464110986,8.04910772132641,0,0,1.99999997963636,1.09861228188023
0,0,0,8.27537637483641,2.83321334405622,0,0.693147180559945,8.51016857647927,8.51016857647927,0,0,14.4999999375,2.74084001989294
0,0,0,5.07517381523383,2.19722457733622,5.20948615284142,0.693147180559945,6.76619171466035,5.10594547390058,0,0,5.000000019,1.79175947239472
0,0,0,5.56068163101553,2.39789527279837,5.18738580584075,0.693147180559945,9.25311246382005,6.27852142416584,0,0,20.499999961,3.06805293331966
0,1.79175946922805,0.356990956201597,6.5105063256949,2.39789527279837,4.98360662170834,0.510825623965991,8.79512791241314,8.79512791241314,0,0,221.000000211976,5.40267738282713
0,0,0,6.0137151560428,1.09861228866811,2.19722457733622,0.693147180559945,8.80327398250104,8.80327398250104,0,0,0.49999992,0.40546505477483
0,0.693147180559945,0.651437205443258,4.77912349311153,1.6094379124341,5.2257466737132,0.693147180559945,9.19207456316929,8.95776800997116,0,0,4.499999974,1.70474808751115
0,0,0,4.23410650459726,1.38629436111989,4.27666611901606,0.693147180559945,9.96213374796886,8.64117917119723,0,0,0.999999976,0.693147168559945
0,0,0,7.46737106691756,2.07944154167984,2.19722457733622,0.693147180559945,8.80131894766524,8.80131894766524,0,0,0.999999495,0.693146928059913
0,0,0,4.82028156560504,1.09861228866811,4.07753744390572,0.693147180559945,6.75110146893676,5.73009978297357,0,0,16.000000023,2.83321334540916
0,0,0,5.98393628068719,2.19722457733622,3.55534806148941,0.693147180559945,8.21148291644507,8.21148291644507,0,0,2.000000178,1.09861234800144
0,0,0,7.03085747611612,1.6094379124341,2.94443897916644,0.693147180559945,7.2841348061952,5.24702407216049,0,0,5.00000027,1.79175951422805
0,0,0,7.028201432058,1.09861228866811,0,0.693147180559945,9.99488098096534,8.89918494333876,0,0,7.9999999205,2.19722456850289
0,0,0,5.65948221575962,1.38629436111989,0,0.693147180559945,9.97091252885092,8.89013510781884,0,0,1.49999993,0.916290703874155
0.693147180559945,2.07944154167984,0.572527522993044,5.6011958858811,2.19722457733622,7.57558465155779,0.693147180559945,8.4042484324001,8.1101268019411,0,0,65.500000124,4.19720194952647
0,1.6094379124341,0.416555499076789,6.0591231955818,1.94591014905531,3.68887945411394,0.693147180559945,8.08548677210285,8.06117135969092,0,0,47.9999997925,3.89182029387593
0,0.693147180559945,0.67851596139269,5.31566600488265,0.693147180559945,3.2188758248682,0.405465108108164,9.60197697214781,8.86375719160424,0,0,2.4999999975,1.25276296778108
0,0,0,4.70953020131233,1.38629436111989,1.6094379124341,0.693147180559945,7.10578612948127,6.289715570909,0,0,4.000000015,1.6094379154341
0,0.693147180559945,0.67851596139269,8.14511450232571,2.83321334405622,0,0.693147180559945,8.54130026675947,8.54130026675947,0,0,2.499999672,1.25276287478108
0,0,0,5.83188247728352,1.6094379124341,5.61677109766657,0.693147180559945,8.06902932877496,8.04430540699064,0,0,3.49999995,1.50407738566516
0,0.693147180559945,0.693147180559945,5.54907608489522,1.94591014905531,1.94591014905531,0.405465108108164,9.99341966003674,7.28000825288419,0,0,2,1.09861228866811
0,2.07944154167984,0.655156565046249,5.46171091345647,1.6094379124341,4.93447393313069,0.405465108108164,9.96269941216797,7.02197642307216,0,0,21.00000028,3.09104246608559
0,0,0,5.86929691313377,2.83321334405622,2.484906649788,0.693147180559945,6.74641212857337,5.68697535633982,0,0,94.999999989,4.56434819135325
0,0,0,6.7093043402583,2.484906649788,1.94591014905531,0.693147180559945,8.54519738782584,8.54519738782584,0,0,4.000000095,1.6094379314341
0,0,0,4.20469261939097,0.693147180559945,0,0.693147180559945,8.08147504013705,8.05706068196577,0,0,0,0
0,1.79175946922805,0.656622041320707,5.55037226122713,1.38629436111989,3.8286413964891,0.606135803388497,7.86057078553866,7.86057078553866,0,0,9.49999991276463,2.35137524885535
0,0,0,7.49276030092238,0.693147180559945,0.693147180559945,0.693147180559945,8.12207437536222,8.09864284375942,0,0,7.499999988,2.14006616208451
0,0.693147180559945,0.693147180559945,7.54960916515453,2.89037175789616,4.95582705760126,0.693147180559945,8.81001204797317,8.81001204797317,0,0,6.000000642,1.94591024076959
0,0,0,4.99043258677874,2.56494935746154,3.78418963391826,0.693147180559945,5.92692602597041,2.83321334405622,0,0,0.99999999,0.693147175559945
0,0,0,6.42324696353352,1.09861228866811,3.98898404656427,0.693147180559945,8.72062371142043,4.56434819146784,0,0,9.0000000975,2.30258510274405
0,5.20948615284142,0.679219564021631,4.64523123538303,2.39789527279837,9.49619577708656,0.385225226630307,9.22700081286929,8.99093980694081,0,0,316.500000950955,5.76047782132788
0,2.30258509299405,0.621651170799021,6.7372041777871,1.94591014905531,0,0.182321556793955,9.99300827847454,7.27586460054653,0,0,80.000001093,4.39444916816627
0,0,0,3.55534806148941,0.693147180559945,1.79175946922805,0.693147180559945,8.10167774745457,8.07775756373692,0,0,0.500000005,0.405465111441498
0,0,0,6.96034772910131,2.07944154167984,2.39789527279837,0.693147180559945,8.31801027754687,8.27512163021651,0,0,1.000000404,0.693147382559925
0,0,0,7.41758040241454,0.693147180559945,0,0.693147180559945,8.10952565975287,8.08579470128157,0,0,1.999999872,1.09861224600144
0,0.693147180559945,0.685733837510021,5.41387570718231,1.09861228866811,3.09104245335832,0.693147180559945,7.87929148508227,7.87929148508227,0,0,31.4999999295,3.48124008716646
0,0,0,8.28399930424853,2.83321334405622,0.693147180559945,0.693147180559945,8.53503310954457,8.53503310954457,0,0,7.4999988825,2.14006603202567
0,0.693147180559945,0.269678548982326,5.20948615284142,1.6094379124341,5.5683445037611,0.693147180559945,3.43398720448515,1.6094379124341,0,0,9.0000001,2.30258510299405
0,0,0,5.77765232322266,0.693147180559945,2.39789527279837,0.693147180559945,7.85243908535751,7.85243908535751,0,0,1.49999997,0.916290719874155
0,0,0,5.62040086571715,1.38629436111989,4.78749174278205,0.693147180559945,9.25157827999243,8.37953902611744,0,0,4.4999999,1.70474807405661
0,0.693147180559945,0.676910304539771,5.77299754367767,1.38629436111989,5.6937321388027,0.693147180559945,7.12125245324454,5.05624580534831,0,0,18.9999999055,2.99573226882899
0,0,0,4.52178857704904,1.94591014905531,4.72738781871234,0.693147180559945,3.13549421592915,2.99573227355399,0,0,1.000000001,0.693147181059945
0,0,0,5.21493575760899,1.09861228866811,2.19722457733622,0.693147180559945,7.67461749736436,3.17805383034795,0,0,21.999999957,3.13549421405958
0,0,0,5.21493575760899,1.94591014905531,5.48479693349065,0.693147180559945,9.96890069108436,8.6436496153688,0,0,4.0000000005,1.6094379125341
0,1.09861228866811,0.48915025342872,5.13579843705026,1.94591014905531,3.49650756146648,0.693147180559945,5.92157841964382,5.8636311755981,0,0,3.00000012,1.38629439111989
0,0,0,5.64544689764324,1.79175946922805,5.65948221575962,0.693147180559945,7.86172707782398,7.86172707782398,0,0,3.000000036,1.38629437011989
0,1.38629436111989,0.524064414376878,6.61304859159339,3.13549421592915,3.09104245335832,0.693147180559945,6.07304453410041,6.01615715969835,0,0,35.499999675,3.59731225168434
0,0,0,5.27299955856375,1.6094379124341,5.92958914338989,0.693147180559945,4.99721227376411,4.31748811353631,0,0,5.500000007,1.87180217797851
0,0,0,7.29844510150815,0.693147180559945,1.79175946922805,0.693147180559945,8.07558263667172,8.05102220819068,0,0,1.499999844,0.916290669474153
0,0,0,6.36475075685191,2.63905732961526,0,0.693147180559945,7.96102146588337,5.70044357339069,0,0,1.00000004,0.693147200559945
0.693147180559945,0.693147180559945,0.693147180559945,4.71849887129509,1.6094379124341,2.19722457733622,0.405465108108164,5.30826769740121,5.11198778835654,0,0,1.999999998,1.09861228800144
0,0,0,7.22183582528845,1.79175946922805,0,0.693147180559945,7.88645727097769,7.88645727097769,0,0,2.000000268,1.09861237800144
0,0,0,5.28826703069454,1.6094379124341,5.20948615284142,0.693147180559945,9.97095926765114,8.89027283938025,0,0,3.0000000205,1.38629436624489
0,0.693147180559945,0.399606206212908,6.8870422373846,2.70805020110221,0,0.405465108108164,9.61032381651511,8.87416809036397,0,0,14.000000299,2.70805022103554
0.693147180559945,0.693147180559945,0.693147180559945,4.33073334028633,0.693147180559945,3.36729582998647,0.405465108108164,8.4690528160883,6.32435896238131,0,0,13.00000005,2.63905733318669
0,0.693147180559945,0.693147180559945,4.18965474202643,2.39789527279837,2.19722457733622,0.405465108108164,8.21039625510477,8.21039625510477,0,0,1.99999995,1.09861227200144
0,0,0,6.83733281468559,1.38629436111989,2.484906649788,0.693147180559945,8.53640741034004,8.53640741034004,0,0,1.000000134,0.693147247559943
0,1.09861228866811,0.562997451659944,6.65027904858742,1.38629436111989,2.70805020110221,0.693147180559945,7.6657534318617,1.6094379124341,0,0,7.000001148,2.07944168517983
0,0,0,6.0282785202307,2.83321334405622,0,0.693147180559945,6.74170069465205,5.67332326717149,0,0,19.500000093,3.02042489068095
0.693147180559945,1.79175946922805,0.627604801058461,3.76120011569356,1.09861228866811,4.34380542185368,0.405465108108164,9.60763889075129,9.08205235167465,0,0,51.500000034,3.9608131702452
0,0.693147180559945,0.377535904336149,5.9597158487934,1.38629436111989,3.8286413964891,0.693147180559945,8.80312373082921,8.80312373082921,0,0,15.5000000445,2.8033603836035
0,0,0,6.1779441140506,2.39789527279837,3.98898404656427,0.693147180559945,9.19634286233233,8.96316024283373,0,0,90.0000001875,4.51085950857729
0,0,0,6.71901315438526,0.693147180559945,1.94591014905531,0.693147180559945,7.92768504561578,7.92768504561578,0,0,27.000000202,3.33220451738949
0,0,0,2.30258509299405,1.09861228866811,6.58063913728495,0.693147180559945,9.2557916348801,8.38640090116621,0,0,1.4999999985,0.916290731274155
0,0.693147180559945,0.500788876911068,5.76519110278484,2.19722457733622,6.05678401322862,0.693147180559945,8.40200678160712,7.87016594646984,0,0,2.999999916,1.38629434011989
0,0,0,8.28197705886776,2.83321334405622,0,0.693147180559945,8.53934599605737,8.53934599605737,0,0,9.0000006795,2.30258516094404
0,1.09861228866811,0.634757584773507,6.68043635629929,1.09861228866811,0.693147180559945,0.510825623965991,7.84345640437612,7.84345640437612,0,0,14.0000008615865,2.70805025854131
0,0.693147180559945,0.43736981416957,6.10367653771491,1.94591014905531,0,0.405465108108164,9.25407013483751,6.29710931993394,0,0,137.999999682,4.93447393084292
0,0,0,3.25809653802148,2.19722457733622,5.73979291217923,0.693147180559945,7.91352101728389,7.91352101728389,0,0,0.5,0.405465108108164
0,2.484906649788,0.632692416723077,4.9750081164531,2.70805020110221,9.48196927910572,0.459532329167914,8.51398806046729,8.51398806046729,0,0,130.4999992875,4.87900684619957
0,0,0,3.25809653802148,1.09861228866811,5.90808293816893,0.693147180559945,9.99492661285291,0.693147180559945,0,0,4,1.6094379124341
0,0,0,5.25227342804663,0.693147180559945,4.58496747867057,0.693147180559945,7.14124512235049,6.31354804627709,0,0,1.00000002,0.693147190559945
0,0,0,6.42162226780652,1.09861228866811,0.693147180559945,0.693147180559945,8.72143930562598,4.58496747867057,0,0,11.499999881,2.52572863478826
0,0,0,3.68887945411394,1.09861228866811,3.63758615972639,0.693147180559945,7.68017564043659,3.58351893845611,0,0,14.000000001,2.70805020116888
0,0.693147180559945,0.384578897867977,8.14322675036744,2.83321334405622,3.04452243772342,0.693147180559945,8.53973715585113,8.53973715585113,0,0,9.999999858,2.39789525988928
0,1.38629436111989,0.691057863456236,3.50405476710186,0.693147180559945,3.2188758248682,0.22314355131421,7.87853419614036,7.87853419614036,0,0,33.5000000025,3.54095932410978
0,0,0,1.94591014905531,1.09861228866811,1.38629436111989,0.693147180559945,8.11939858961229,8.0959035329611,0,0,0.500000001,0.405465108774831
0,0,0,0,0.693147180559945,0,0.693147180559945,8.47845236309981,5.91620206260743,0,0,0,0
0.693147180559945,1.09861228866811,0.56347984825792,4.4188406077966,1.79175946922805,4.21950770517611,0.510825623965991,7.10906213568717,6.79794041297493,0,0,8.000000073,2.19722458544733
0,0,0,5.40717177146012,2.07944154167984,3.43398720448515,0.693147180559945,8.79300509129753,8.79300509129753,0,0,5.50000005,1.8718021845939
0,1.09861228866811,0,2.73002910760359,0.693147180559945,0,0.287682072201781,9.60951909544164,8.87332798950246,0,0,0,0
0,0,0,4.54329478227,0.693147180559945,1.94591014905531,0.693147180559945,8.11042723757502,8.08671792030391,0,0,5.500000005,1.87180217767082
0,0,0,5.44241771052179,1.09861228866811,3.95124371858143,0.693147180559945,8.80926561216931,8.80926561216931,0,0,0.99999998,0.693147170559945
0,0,0,2.56494935746154,0.693147180559945,0,0.693147180559945,8.07121853996986,8.04654935728308,0,0,0,0
0,0,0,6.4393503711001,2.83321334405622,3.04452243772342,0.693147180559945,8.48735234940522,5.98393628068719,0,0,1,0.693147180559945
0,0.693147180559945,0,3.80666248977032,0.693147180559945,0,0.405465108108164,7.54960916515453,7.13886699994552,0,0,0,0
0,0,0,4.20469261939097,1.38629436111989,5.8664680569333,0.693147180559945,9.25320827220336,6.2803958389602,0,0,61.500000012,4.13516655693436
0,0,0,4.92725368515721,1.38629436111989,4.89034912822175,0.693147180559945,6.75576892198425,5.7037824746562,0,0,16.999999967,2.89037175606283
0,0,0,8.26950076718061,2.83321334405622,0,0.693147180559945,8.50471566990512,8.50471566990512,0,0,13.999999457,2.70805016490221
0,0,0,3.43398720448515,1.09861228866811,5.99645208861902,0.693147180559945,7.53315880745556,7.11476944836646,0,0,47.49999999,3.88156379773725
0,0,0,5.46806014113513,0.693147180559945,3.58351893845611,0.693147180559945,7.1420365747068,6.31535800152233,0,0,28.999999898,3.40119737826216
0,0,0,2.56494935746154,0.693147180559945,0,0.693147180559945,8.07184314960916,8.0471895621705,0,0,0,0
0,0,0,5.19295685089021,0.693147180559945,0.693147180559945,0.693147180559945,9.60454228780564,8.86587628542542,0,0,13.9999999995,2.70805020106888
0,0,0,6.68586094706836,2.484906649788,1.38629436111989,0.693147180559945,8.81373589230022,8.81373589230022,0,0,2,1.09861228866811
0,0,0,6.24804287450843,2.63905732961526,1.09861228866811,0.693147180559945,7.84854348245668,7.66949525100769,0,0,4.49999988,1.70474807042024
0,0,0,5.11799381241676,1.09861228866811,1.79175946922805,0.693147180559945,8.51959031601596,6.12468339089421,0,0,0.999999936,0.693147148559945
0,0,0,3.66356164612965,1.09861228866811,6.26339826259162,0.693147180559945,8.40536737623398,6.56667242980324,0,0,2.000000002,1.09861228933478
0,0,0,7.45414107814668,0.693147180559945,1.79175946922805,0.693147180559945,8.12148037475075,8.09803475617607,0,0,0.999999524,0.693146942559917
0,0.693147180559945,0.616484891452985,5.31320597904179,1.79175946922805,2.56494935746154,0.405465108108164,7.13249755166004,6.30261897574491,0,0,18.000000022,2.94443898032433
0,0.693147180559945,0.693147180559945,4.18965474202643,2.39789527279837,3.04452243772342,0.405465108108164,8.20712916807133,8.20712916807133,0,0,1.99999995,1.09861227200144
0,1.09861228866811,0.508316308867093,6.11072796800876,2.07944154167984,5.84354441703136,0.510825623965991,8.72046051272565,8.17779668327778,0,0,76.0000004521338,4.34380542772555
0,0,0,7.98514393119862,2.83321334405622,0,0.693147180559945,8.54090971803355,8.54090971803355,0,0,4.000000528,1.60943801803409
0,0,0,3.76120011569356,0.693147180559945,3.36729582998647,0.693147180559945,7.9218984110238,7.9218984110238,0,0,2.499999999,1.25276296820965
0,0,0,5.95064255258773,0.693147180559945,0.693147180559945,0.693147180559945,6.07534603108868,6.01859321449623,0,0,1.999999956,1.09861227400144
0,1.79175946922805,0.557279523278897,6.16716702375215,3.09104245335832,3.98898404656427,0.510825623965991,8.5213843960347,5.58724865840025,0,0,343.999999188402,5.8435444146789
0,0,0,5.67675380226828,2.30258509299405,3.13549421592915,0.693147180559945,8.79573360595074,8.79573360595074,0,0,8.999999985,2.30258509149405
0,1.94591014905531,0,0,0.693147180559945,4.71849887129509,0.251314428503128,8.45659356928731,8.14989054440242,0,0,0,0
0,0,0,4.48863636973214,0.693147180559945,1.94591014905531,0.693147180559945,8.11552088154677,8.09193345597989,0,0,5.999999984,1.9459101467696
0,0,0,5.4510384535657,0.693147180559945,3.80666248977032,0.693147180559945,9.96688479766592,8.88765269032559,0,0,39.499999956,3.70130197302607
0,0.693147180559945,0.693147180559945,8.07246736935477,1.79175946922805,3.29583686600433,0.405465108108164,9.96988372217581,7.05185562295589,0,0,16.000000632,2.83321338123269
0,0,0,5.22035582507832,0.693147180559945,0.693147180559945,0.693147180559945,6.00141487796115,5.94542060860658,0,0,1.500000016,0.916290738274155
0,0,0,6.67582322163485,2.484906649788,1.94591014905531,0.693147180559945,6.02102334934953,5.96614673912369,0,0,21.499999884,3.11351530405482
0,0,0,4.89034912822175,1.6094379124341,0,0.693147180559945,8.45254799792271,5.35185813347607,0,0,10.50000006,2.4423470405866
0,0,0,7.96450336355155,2.83321334405622,1.38629436111989,0.693147180559945,8.50512061018197,8.50512061018197,0,0,3.999999758,1.6094378640341
0,0,0,6.74875954749168,2.07944154167984,2.484906649788,0.693147180559945,7.92696354486298,7.92696354486298,0,0,35.499999858,3.59731225669803
0,1.09861228866811,0.628151513880605,3.87120101090789,1.09861228866811,6.89162589705225,0.510825623965991,9.25244154799482,8.3813734682737,0,0,18.500000034,2.97041446731329
0,0,0,7.36454701425564,3.25809653802148,0.693147180559945,0.693147180559945,7.84893372636407,7.66996199547358,0,0,4.499999958,1.70474808460206
0,0.693147180559945,0,3.91202300542815,0.693147180559945,0,0.405465108108164,6.20253551718792,5.5834963087817,0,0,0,0
0,0,0,7.48099216286952,3.04452243772342,2.30258509299405,0.693147180559945,7.85166117788927,7.67322312112171,0,0,10.000000134,2.39789528498019
0,0,0,7.23993259132047,1.79175946922805,0,0.693147180559945,7.89543600694297,7.89543600694297,0,0,0.999999875,0.693147118059943
0,0,0,6.08904487544685,1.09861228866811,2.19722457733622,0.693147180559945,7.6685611080159,2.39789527279837,0,0,62.99999992,4.15888308210967
0,0.693147180559945,0.693147180559945,6.29249463707926,2.07944154167984,5.42053499927229,0.693147180559945,8.32093496888341,8.27817429094374,0,0,2.999999808,1.38629431311989
0,0.693147180559945,0.459334046774375,6.68959926917897,0.693147180559945,2.07944154167984,0.693147180559945,8.06148686687133,8.03657340970731,0,0,21.499999785,3.11351529965482
0,0,0,4.38202663467388,0.693147180559945,5.28320372873799,0.693147180559945,8.32190796823042,8.279189777195,0,0,2.50000003,1.2527629770668
0,0.693147180559945,0.163823939202074,7.08506429395255,1.79175946922805,2.19722457733622,0.693147180559945,7.67415292128168,3.13549421592915,0,0,55.999999798,4.04305126429069
0,0,0,6.67203294546107,2.77258872223978,0,0.693147180559945,8.54169066301663,8.54169066301663,0,0,0.4999999515,0.405465075774831
0,0,0,7.51425465281641,2.77258872223978,3.55534806148941,0.693147180559945,8.53424694598207,8.53424694598207,0,0,13.5000000915,2.67414865573687
0,0,0,7.19368581839511,1.94591014905531,0,0.693147180559945,8.79346036105272,8.79346036105272,0,0,14.499999815,2.74084001198972
0,0.693147180559945,0.251845253923598,6.0318864616069,2.19722457733622,5.36129216570943,0.693147180559945,8.40626163070896,7.87359778968554,0,0,10.0000001295,2.3978952845711
0,0,0,6.11589212548303,2.83321334405622,0,0.693147180559945,8.50754681436443,8.50754681436443,0,0,0.499999914,0.405465050774829
0,0.693147180559945,0.693147180559945,7.08757370555797,1.79175946922805,0.693147180559945,0.693147180559945,8.80417501875363,8.80417501875363,0,0,0.99999952,0.693146940559917
0,0,0,6.99484998583307,1.79175946922805,6.31354804627709,0.693147180559945,8.81180122393875,8.81180122393875,0,0,0.99999979,0.69314707555994
0,0,0,4.69134788222914,0.693147180559945,0,0.693147180559945,9.60810927344988,3.58351893845611,0,0,0,0
0,0,0,3.13549421592915,0.693147180559945,0,0.693147180559945,9.19400771735529,8.96021095557699,0,0,0,0
0,0,0,3.93182563272433,0.693147180559945,0,0.693147180559945,8.46989191829822,3.58351893845611,0,0,0,0
0,0,0,4.67282883446191,1.38629436111989,5.68357976733868,0.693147180559945,9.96791669269182,8.88848084772282,0,0,12.499999968,2.60268968307401
0,0,0,5.73979291217923,2.56494935746154,4.72738781871234,0.693147180559945,8.50613224405681,5.4553211153577,0,0,51.49999992,3.96081316807377
0,0,0,2.30258509299405,0.693147180559945,0.693147180559945,0.693147180559945,7.86978390253015,7.69348164083518,0,0,0.999999999,0.693147180059945
0,1.09861228866811,0.684177590288473,7.41997992366183,2.83321334405622,4.80402104473326,0.693147180559945,8.54247099860051,8.54247099860051,0,0,3.500000262,1.50407745499849
0,0.693147180559945,0.673575195213866,5.64897423816121,1.6094379124341,2.19722457733622,0.693147180559945,7.68616230349291,3.89182029811063,0,0,32.50000017,3.51154544390565
0,0.693147180559945,0.430077122328623,6.70380142206107,3.25809653802148,2.70805020110221,0.693147180559945,7.86441990499457,7.68799716639302,0,0,28.500000084,3.38439026619323
0,0,0,8.28324144138542,2.83321334405622,0,0.693147180559945,8.536211197252,8.536211197252,0,0,8.00000122,2.19722471289177
0,0.693147180559945,0.629666684582973,6.65929391968364,2.77258872223978,5.90808293816893,0.693147180559945,8.1146238864201,8.09101504171053,0,0,85.999999934,4.46590811789596
0,0,0,5.69035945432406,1.09861228866811,2.19722457733622,0.693147180559945,8.80432511256254,8.80432511256254,0,0,0.5000000725,0.405465156441497
0.693147180559945,1.38629436111989,0.449765872206839,5.98770749823027,2.30258509299405,5.76832099579377,0.693147180559945,6.65544035036765,6.65544035036765,0,0,37.99999989,3.66356164330913
0,0,0,7.12528309151071,1.09861228866811,0,0.693147180559945,9.60292285425333,8.86446405527968,0,0,342.500000211,5.83918711227667
0,0,0,8.11432470915534,2.19722457733622,2.07944154167984,0.693147180559945,8.53738789870176,8.53738789870176,0,0,1.5000004175,0.916290898874141
0,0,0,4.90527477843843,2.56494935746154,5.57594910314632,0.693147180559945,7.93522953981691,7.93522953981691,0,0,12.499999988,2.60268968455549
0,1.79175946922805,0.385719009454211,5.90081017874861,2.89037175789616,5.96357934361845,0.510825623965991,8.11282747875137,8.08917567883756,0,0,87.9999996349488,4.48863636563044
0,0.693147180559945,0.693147180559945,8.0727793331695,1.79175946922805,1.94591014905531,0.405465108108164,9.97072555180181,7.05358572719368,0,0,6.000000375,1.94591020262674
0,0,0,7.29776828253138,1.79175946922805,0,0.693147180559945,7.90801944463247,7.90801944463247,0,0,1.49999976,0.91629063587415
0,0,0,6.90675477864855,1.38629436111989,0.693147180559945,0.693147180559945,8.80507524387068,8.80507524387068,0,0,0.999999992,0.693147176559945
0,0,0,7.46737106691756,2.07944154167984,2.63905732961526,0.693147180559945,8.80582481290361,8.80582481290361,0,0,0.999999495,0.693146928059913
0,0,0,4.56434819146784,2.484906649788,0,0.693147180559945,6.79570577517351,5.73979291217923,0,0,3.5000000225,1.50407740177627
0,0,0,7.10332206252611,1.6094379124341,0,0.693147180559945,9.60925071111367,8.87276752991094,0,0,2.9999996325,1.38629426924489
0,0.693147180559945,0.587421682192921,6.38940138879535,2.30258509299405,4.04305126783455,0.693147180559945,9.19695113485717,7.44249272279444,0,0,84.5000000305,4.44851637629944
0,0,0,7.21670948670946,1.79175946922805,0,0.693147180559945,8.80071662871916,8.80071662871916,0,0,0.500000097,0.405465172774829
0,0,0,4.88280192258637,0.693147180559945,2.99573227355399,0.693147180559945,8.50289140670538,8.50289140670538,0,0,1.000000028,0.693147194559945
0,1.38629436111989,0.475420006654212,6.91174730025167,1.79175946922805,2.94443897916644,0.693147180559945,7.6980291702728,4.31748811353631,0,0,135.500000148,4.91632461570926
0,0,0,7.49276030092238,0.693147180559945,0,0.693147180559945,8.12237124340655,8.09894674894334,0,0,1.999999638,1.09861216800144
0,0,0,6.05208916892442,1.38629436111989,1.6094379124341,0.693147180559945,4.30406509320417,4.06044301054642,0,0,5.499999952,1.87180216951698
0,0,0,6.85751406254539,1.38629436111989,1.38629436111989,0.693147180559945,8.80056599227992,8.80056599227992,0,0,1.0000004,0.693147380559925
0,0.693147180559945,0.693097257813826,5.4359030295006,1.94591014905531,2.19722457733622,0.693147180559945,9.19654566095399,8.96341629199657,0,0,42.500000084,3.77276094002567
0,0,0,6.09356977004514,1.09861228866811,0.693147180559945,0.693147180559945,6.75460409948796,5.70044357339069,0,0,27.999999872,3.36729582557268
0,0,0,6.97073007814353,1.09861228866811,0,0.693147180559945,9.25263328416643,8.38183155348556,0,0,1.0000004,0.693147380559925
0,0,0,4.95582705760126,0.693147180559945,0,0.693147180559945,7.85438121065236,7.85438121065236,0,0,1.500000018,0.916290739074155
0,1.6094379124341,0.650081525602492,6.24610676548156,3.13549421592915,3.71357206670431,0.693147180559945,6.14418563412565,6.0913098820777,0,0,23.000000425,3.17805384805628
0,0,0,3.95124371858143,0.693147180559945,5.66642668811243,0.693147180559945,8.30943074214033,8.26616443661249,0,0,26.000000022,3.29583686681914
0,0,0,6.33859407820318,2.19722457733622,1.09861228866811,0.693147180559945,9.20220738874599,8.9677591267695,0,0,4.0000002725,1.6094379669341
0,1.09861228866811,0.485765084839025,4.98816243847147,2.30258509299405,1.94591014905531,0.287682072201781,6.76388490856244,6.61740297797448,0,0,6.50000005548741,2.01490302794059
0,0,0,4.88280192258637,1.94591014905531,5.64190707093811,0.693147180559945,7.85127199710988,7.67275789664251,0,0,24.000000017,3.2188758255482
0,0,0,5.23644196282995,0.693147180559945,3.3322045101752,0.693147180559945,6.12905021006055,6.07534603108868,0,0,1.5000000235,0.916290741274155
0,0,0,7.02108396428914,3.09104245335832,0,0.693147180559945,6.1463292576689,6.09356977004514,0,0,2.999999835,1.38629431986989
0,0,0,5.9427993751267,1.94591014905531,3.36729582998647,0.693147180559945,8.30622521603216,8.26281693767093,0,0,1.50000003,0.916290743874155
0,0,0,6.87005341179813,1.38629436111989,0,0.693147180559945,8.30721262662831,8.26384813136891,0,0,8.999999658,2.30258505879405
0,0.693147180559945,0.384578897867977,5.10291057020543,3.04452243772342,5.66988092298052,0.693147180559945,7.51261754467451,7.0833878476253,0,0,15.00000012,2.77258872973978
0,0,0,7.32580750259577,2.39789527279837,3.97029191355212,0.693147180559945,8.81016126829726,8.81016126829726,0,0,3.00000063,1.38629451861988
0,0,0,7.17472430983638,1.6094379124341,1.6094379124341,0.693147180559945,7.8578675593318,7.8578675593318,0,0,1.5000002775,0.916290842874149
0,0,0,6.00881318544259,2.30258509299405,0.693147180559945,0.693147180559945,8.51057131510735,8.51057131510735,0,0,3.999999899,1.6094378922341
0,0.693147180559945,0.672287054639144,6.35957386867238,1.38629436111989,4.17438726989564,0.693147180559945,9.96726015543319,8.88820487145502,0,0,10.499999621,2.44234700241268
0,0,0,5.15329159449778,1.09861228866811,4.43081679884331,0.693147180559945,9.20008799551183,8.96559006690791,0,0,25.500000008,3.27714473329406
0,0,0,5.16478597392351,1.79175946922805,5.77765232322266,0.693147180559945,8.71735466633852,8.17385745477362,0,0,21.000000057,3.09104245594922
