1,1,2,2,3,3,4,4,5,5,6,6,7,7,8,8,9,9,10,10,11,11,12,12,13,13,14,14,15,15,16,16,17,17,18,18,19,19,20,20,21,21,22,22,23,23,24,24,25,25,26,26,27,27,28,28,29,29,30,30,31,31,32,32,33,33,34,34,35,35,36,36,37,37,38,38,39,39
0.82605,0.57851,0.83706,0.6,0.7423,0.46067,0.75397,0.525,0.80235,0.58929,0.81296,0.5125,0.62788,0.36283,0.96536,0.95098,0.97345,0.97647,0.93555,0.75789,0.81833,0.625,0.94434,0.81452,0.95079,0.81579,0.91007,0.67606,0.8266,0.55405,0.87064,0.60656,0.90014,0.67,0.90461,0.70909,0.86393,0.63636,0.85879,0.6875,0.80464,0.60976,0.8813,0.69231,0.8864,0.78571,0.94982,0.9,0.78581,0.64286,0.64378,0.26667,0.87648,0.7234,0.92677,0.78205,0.8926,0.68571,0.83755,0.65217,0.79993,0.8,0.7884,0.6,0.88495,0.61111,0.86971,0.64,0.93468,0.88462,0.89013,0.62963,0.66998,0.375,0.78742,0.64,0.90827,0.78571
0.84681,0.65289,0.82874,0.57778,0.74217,0.46067,0.79652,0.6125,0.76877,0.57143,0.80999,0.55,0.72237,0.38938,0.96933,0.98039,0.97693,0.97647,0.93414,0.75789,0.41394,0.25658,0.92259,0.79839,0.94629,0.80263,0.92157,0.70423,0.8351,0.58108,0.84015,0.56557,0.87902,0.71,0.90288,0.72727,0.87588,0.63636,0.83205,0.59375,0.8058,0.58537,0.88579,0.74359,0.89427,0.78571,0.94876,0.9,0.81108,0.57143,0.73386,0.53333,0.82256,0.51064,0.91225,0.75641,0.39368,0.22857,0.84442,0.6087,0.91476,0.8,0.87309,0.6,0.89487,0.61111,0.93917,0.72,0.93176,0.92308,0.8846,0.59259,0.64798,0.41667,0.79494,0.6,0.90827,0.78571
0.84681,0.65289,0.83261,0.56667,0.7423,0.46067,0.81161,0.625,0.7508,0.53571,0.81221,0.575,0.79732,0.51327,0.94315,0.92157,0.97707,0.97647,0.9371,0.78947,0.88305,0.71711,0.94495,0.81452,0.9464,0.81579,0.9185,0.70423,0.89446,0.62162,0.89434,0.68033,0.8963,0.67,0.9046,0.70909,0.88186,0.63636,0.83641,0.625,0.82682,0.60976,0.87984,0.71795,0.8879,0.78571,0.94135,0.9,0.7653,0.5,0.64378,0.26667,0.87006,0.78723,0.82699,0.60256,0.36316,0.22857,0.80349,0.65217,0.66256,0.2,0.87309,0.6,0.88015,0.61111,0.93937,0.72,0.86082,0.88462,0.88216,0.66667,0.66222,0.33333,0.78617,0.64,0.9248,0.85714
0.82602,0.57851,0.83638,0.6,0.72214,0.35955,0.80092,0.625,0.75136,0.53571,0.78773,0.55,0.78552,0.54867,0.97067,0.98039,0.97513,0.97647,0.88938,0.72632,0.96071,0.86184,0.97128,0.85484,0.94774,0.81579,0.91844,0.70423,0.82489,0.55405,0.89396,0.69672,0.83087,0.56,0.90133,0.70909,0.8757,0.60606,0.85467,0.6875,0.81421,0.58537,0.84974,0.71795,0.8864,0.78571,0.94459,0.9,0.78851,0.57143,0.64378,0.26667,0.79336,0.46809,0.92561,0.78205,0.11435,0.042857,0.81447,0.65217,0.91476,0.8,0.86049,0.6,0.89902,0.61111,0.93821,0.72,0.92402,0.96154,0.89928,0.62963,0.66633,0.375,0.79746,0.64,0.92297,0.85714
0.82508,0.57851,0.83638,0.6,0.74461,0.44944,0.80384,0.6,0.7574,0.60714,0.78417,0.525,0.80438,0.57522,0.97034,0.98039,0.97791,0.97647,0.93789,0.76842,0.97505,0.88816,0.97971,0.87097,0.94688,0.80263,0.92652,0.70423,0.89808,0.7027,0.89585,0.69672,0.89386,0.7,0.90784,0.72727,0.87578,0.63636,0.84956,0.6875,0.85422,0.63415,0.87544,0.69231,0.84695,0.75,0.93825,0.9,0.80283,0.57143,0.72637,0.46667,0.78756,0.46809,0.91555,0.75641,0.73454,0.54286,0.81436,0.65217,0.79993,0.8,0.8679,0.6,0.89289,0.61111,0.94288,0.76,0.93423,0.88462,0.87336,0.59259,0.62848,0.33333,0.79176,0.6,0.87298,0.71429
0.82605,0.57851,0.83638,0.6,0.74228,0.46067,0.80739,0.6125,0.76759,0.55357,0.81208,0.575,0.79824,0.57522,0.97199,0.98039,0.97314,0.96471,0.93102,0.75789,0.94977,0.86184,0.97548,0.8629,0.93433,0.80263,0.9213,0.70423,0.88962,0.68919,0.89965,0.70492,0.90598,0.71,0.89347,0.69091,0.89521,0.63636,0.8575,0.65625,0.8585,0.63415,0.80227,0.5641,0.8864,0.78571,0.94876,0.9,0.76487,0.5,0.73379,0.53333,0.82327,0.59574,0.81945,0.58974,0.92699,0.74286,0.80349,0.65217,0.91528,0.8,0.87309,0.6,0.9027,0.61111,0.91727,0.68,0.93713,0.88462,0.87634,0.62963,0.65359,0.41667,0.81682,0.6,0.90827,0.78571
0.82605,0.57851,0.74509,0.46667,0.7423,0.46067,0.80621,0.6125,0.77338,0.55357,0.78797,0.5625,0.79123,0.56637,0.96475,0.97059,0.97523,0.97647,0.93818,0.77895,0.97396,0.875,0.27176,0.096774,0.94484,0.81579,0.91989,0.70423,0.91695,0.72973,0.89621,0.70492,0.88788,0.69,0.90906,0.72727,0.84471,0.54545,0.84646,0.625,0.84696,0.63415,0.8507,0.69231,0.89427,0.78571,0.93846,0.9,0.86085,0.71429,0.64378,0.26667,0.81791,0.57447,0.92326,0.76923,0.83217,0.6,0.84442,0.6087,0.91417,0.8,0.8679,0.6,0.8783,0.61111,0.9394,0.72,0.9269,0.92308,0.90569,0.7037,0.64798,0.41667,0.78742,0.64,0.90827,0.78571
0.82602,0.57851,0.80187,0.52222,0.74461,0.44944,0.80738,0.625,0.78397,0.55357,0.78535,0.5375,0.78209,0.53097,0.97083,0.98039,0.97438,0.97647,0.93321,0.75789,0.97414,0.875,0.97349,0.87097,0.94632,0.81579,0.91664,0.69014,0.9154,0.72973,0.81184,0.55738,0.38318,0.19,0.90272,0.69091,0.84872,0.54545,0.85856,0.65625,0.79105,0.5122,0.87868,0.74359,0.8879,0.78571,0.95099,0.9,0.81108,0.57143,0.74451,0.53333,0.86395,0.70213,0.87708,0.66667,0.92515,0.72857,0.81433,0.65217,0.91476,0.8,0.86617,0.6,0.90068,0.66667,0.94072,0.72,0.92904,0.92308,0.9033,0.66667,0.64819,0.41667,0.82844,0.6,0.91007,0.78571
0.82605,0.57851,0.83638,0.6,0.74216,0.46067,0.80511,0.6125,0.75524,0.55357,0.80375,0.55,0.77523,0.55752,0.97186,0.98039,0.97676,0.97647,0.93249,0.75789,0.7977,0.58553,0.97466,0.85484,0.94611,0.81579,0.92279,0.69014,0.91879,0.72973,0.90158,0.70492,0.8739,0.69,0.9073,0.72727,0.87819,0.63636,0.84717,0.625,0.86009,0.65854,0.69669,0.35897,0.82938,0.67857,0.94135,0.9,0.79485,0.5,0.63147,0.23333,0.78756,0.46809,0.91487,0.73077,0.92063,0.74286,0.84442,0.6087,0.8638,0.8,0.87309,0.6,0.89737,0.61111,0.87471,0.64,0.76607,0.73077,0.89013,0.62963,0.65336,0.41667,0.79023,0.6,0.91676,0.85714
0.833,0.59504,0.82105,0.56667,0.74181,0.44944,0.79668,0.6125,0.74809,0.5,0.72708,0.4625,0.77249,0.53097,0.97185,0.98039,0.9773,0.97647,0.93465,0.76842,0.96433,0.86184,0.97347,0.85484,0.94544,0.81579,0.92075,0.67606,0.90101,0.71622,0.90158,0.70492,0.8328,0.57,0.8886,0.67273,0.87576,0.63636,0.76754,0.53125,0.84785,0.63415,0.87942,0.74359,0.88633,0.78571,0.94876,0.9,0.85629,0.71429,0.72752,0.46667,0.79406,0.46809,0.92392,0.78205,0.89442,0.65714,0.84346,0.65217,0.88869,0.6,0.86617,0.6,0.90743,0.61111,0.93917,0.72,0.87904,0.88462,0.87106,0.62963,0.61631,0.375,0.79176,0.6,0.89461,0.71429
0.82605,0.57851,0.74509,0.46667,0.7423,0.46067,0.81663,0.6125,0.76983,0.55357,0.80297,0.5375,0.79411,0.55752,0.97186,0.98039,0.97792,0.97647,0.93708,0.76842,0.96725,0.875,0.97304,0.8629,0.9454,0.81579,0.92135,0.70423,0.91615,0.72973,0.90158,0.70492,0.89994,0.7,0.88309,0.69091,0.87162,0.63636,0.85281,0.65625,0.84344,0.63415,0.88276,0.71795,0.8864,0.78571,0.94927,0.9,0.7841,0.5,0.7443,0.5,0.78048,0.46809,0.90792,0.73077,0.097071,0.042857,0.83249,0.6087,0.80007,0.8,0.8679,0.6,0.92475,0.66667,0.86576,0.64,0.92522,0.92308,0.8827,0.59259,0.66825,0.375,0.78783,0.64,0.90661,0.78571
0.82605,0.57851,0.83049,0.56667,0.74297,0.46067,0.80465,0.625,0.77106,0.57143,0.79792,0.5375,0.80707,0.57522,0.96115,0.98039,0.97319,0.97647,0.92907,0.77895,0.97242,0.875,0.97488,0.85484,0.94866,0.81579,0.91106,0.67606,0.91213,0.71622,0.89416,0.69672,0.89147,0.7,0.88916,0.65455,0.85784,0.72727,0.84611,0.65625,0.84524,0.63415,0.88535,0.69231,0.8864,0.78571,0.94723,0.9,0.78581,0.64286,0.64378,0.26667,0.87648,0.7234,0.92806,0.76923,0.91425,0.71429,0.83923,0.65217,0.89873,0.8,0.85654,0.6,0.91372,0.61111,0.9241,0.76,0.935,0.88462,0.90233,0.7037,0.65192,0.41667,0.78754,0.64,0.9089,0.71429
0.83949,0.61983,0.83638,0.6,0.72214,0.35955,0.80802,0.625,0.77429,0.55357,0.57996,0.3,0.80684,0.57522,0.971,0.98039,0.9754,0.97647,0.93321,0.75789,0.96423,0.86184,0.97553,0.85484,0.94704,0.81579,0.92303,0.70423,0.91887,0.72973,0.90892,0.71311,0.88225,0.71,0.89702,0.67273,0.84468,0.54545,0.81308,0.59375,0.8602,0.65854,0.85296,0.71795,0.8864,0.78571,0.94982,0.9,0.77443,0.42857,0.64378,0.26667,0.8448,0.6383,0.90636,0.71795,0.91789,0.7,0.84297,0.6087,0.87214,0.6,0.85654,0.6,0.92998,0.66667,0.94227,0.76,0.95005,0.88462,0.87714,0.59259,0.61226,0.33333,0.79494,0.6,0.9248,0.85714
0.8342,0.59504,0.77706,0.55556,0.74445,0.44944,0.81054,0.6125,0.727,0.46429,0.59328,0.2875,0.78168,0.54867,0.97203,0.98039,0.97367,0.97647,0.9303,0.76842,0.97113,0.86842,0.97215,0.8629,0.94255,0.80263,0.91903,0.70423,0.90711,0.71622,0.90715,0.71311,0.90602,0.68,0.89021,0.67273,0.89127,0.66667,0.85271,0.65625,0.86031,0.65854,0.82747,0.58974,0.83858,0.75,0.94876,0.9,0.81674,0.5,0.71451,0.4,0.86425,0.70213,0.6995,0.5,0.86807,0.68571,0.83755,0.65217,0.8625,0.8,0.86617,0.6,0.89976,0.61111,0.93418,0.72,0.94406,0.88462,0.87518,0.55556,0.65359,0.41667,0.81682,0.6,0.87298,0.71429
0.84034,0.63636,0.84146,0.62222,0.7459,0.46067,0.80391,0.625,0.73396,0.46429,0.80262,0.55,0.69902,0.40708,0.97181,0.98039,0.97575,0.97647,0.93404,0.76842,0.97125,0.875,0.97681,0.87097,0.94597,0.81579,0.89109,0.67606,0.91027,0.71622,0.86338,0.68033,0.83326,0.57,0.89729,0.67273,0.89133,0.66667,0.85435,0.6875,0.86037,0.65854,0.86066,0.71795,0.85942,0.75,0.93942,0.9,0.77013,0.64286,0.70419,0.4,0.8872,0.76596,0.92166,0.78205,0.88562,0.65714,0.85953,0.65217,0.76716,0.6,0.8679,0.6,0.90479,0.61111,0.92375,0.68,0.78245,0.76923,0.88458,0.66667,0.65359,0.41667,0.78742,0.64,0.90827,0.78571
0.84303,0.64463,0.82274,0.55556,0.80957,0.58427,0.81971,0.625,0.73925,0.5,0.79732,0.55,0.79678,0.56637,0.97018,0.98039,0.97557,0.97647,0.92057,0.74737,0.87999,0.70395,0.97563,0.8629,0.86194,0.69737,0.92096,0.71831,0.88811,0.7027,0.70926,0.4918,0.90587,0.7,0.90817,0.70909,0.89134,0.66667,0.85382,0.6875,0.84884,0.63415,0.90349,0.71795,0.87895,0.75,0.93825,0.9,0.81845,0.57143,0.65072,0.26667,0.831,0.55319,0.92066,0.76923,0.42443,0.35714,0.85321,0.6087,0.88009,0.8,0.8679,0.6,0.89971,0.61111,0.94073,0.76,0.94229,0.80769,0.8765,0.62963,0.64798,0.41667,0.79183,0.64,0.91007,0.78571
0.82605,0.57851,0.82412,0.56667,0.80473,0.52809,0.803,0.625,0.7604,0.5,0.69905,0.45,0.79809,0.57522,0.97149,0.98039,0.97511,0.97647,0.92948,0.77895,0.89075,0.73684,0.97242,0.8629,0.71229,0.5,0.90973,0.69014,0.87844,0.68919,0.9034,0.70492,0.89102,0.69,0.89467,0.67273,0.88059,0.60606,0.84908,0.65625,0.85543,0.65854,0.86755,0.71795,0.88799,0.75,0.94936,0.9,0.80684,0.64286,0.68942,0.36667,0.80567,0.55319,0.91225,0.75641,0.91523,0.71429,0.82927,0.65217,0.91528,0.8,0.86049,0.6,0.87534,0.61111,0.94105,0.72,0.91738,0.84615,0.89688,0.66667,0.64916,0.375,0.80324,0.64,0.86298,0.71429
0.87892,0.67769,0.82748,0.56667,0.79257,0.52809,0.80086,0.6375,0.7202,0.46429,0.80578,0.55,0.75788,0.52212,0.96508,0.98039,0.97366,0.96471,0.92312,0.74737,0.9718,0.86842,0.97778,0.87097,0.94394,0.81579,0.88908,0.67606,0.87844,0.68919,0.90639,0.71311,0.90619,0.71,0.89349,0.69091,0.8183,0.60606,0.85247,0.6875,0.85906,0.65854,0.84771,0.64103,0.83858,0.75,0.94985,0.9,0.76487,0.5,0.75373,0.53333,0.86028,0.68085,0.9292,0.76923,0.91365,0.7,0.85672,0.6087,0.8638,0.8,0.85481,0.6,0.89806,0.61111,0.86098,0.64,0.86085,0.88462,0.88583,0.62963,0.65359,0.41667,0.7909,0.64,0.85803,0.71429
0.86897,0.68595,0.82273,0.57778,0.80222,0.55056,0.81379,0.625,0.7719,0.55357,0.79547,0.55,0.78131,0.55752,0.96565,0.98039,0.97541,0.97647,0.93464,0.77895,0.97519,0.875,0.97724,0.87903,0.95131,0.81579,0.91158,0.69014,0.91663,0.72973,0.90311,0.70492,0.88309,0.7,0.91051,0.70909,0.86116,0.60606,0.83949,0.6875,0.8443,0.63415,0.90747,0.71795,0.87895,0.75,0.94876,0.9,0.8265,0.57143,0.64378,0.26667,0.90703,0.82979,0.87894,0.65385,0.8995,0.71429,0.80349,0.65217,0.93809,0.8,0.84691,0.6,0.9264,0.61111,0.86971,0.64,0.93743,0.88462,0.81516,0.59259,0.63268,0.33333,0.79568,0.6,0.90827,0.78571
0.86274,0.68595,0.83922,0.6,0.78519,0.59551,0.80704,0.6125,0.75941,0.5,0.79969,0.55,0.80498,0.56637,0.96428,0.98039,0.97267,0.96471,0.93515,0.76842,0.9718,0.875,0.97186,0.8629,0.92739,0.78947,0.92279,0.71831,0.91826,0.72973,0.90322,0.70492,0.88251,0.69,0.91315,0.72727,0.88034,0.63636,0.84888,0.65625,0.85217,0.63415,0.88195,0.71795,0.88799,0.75,0.94982,0.9,0.76487,0.5,0.6494,0.26667,0.79336,0.46809,0.92684,0.78205,0.92122,0.74286,0.83317,0.65217,0.83565,0.8,0.86222,0.6,0.92744,0.66667,0.80974,0.64,0.95479,0.92308,0.88216,0.66667,0.67417,0.41667,0.78742,0.64,0.90665,0.78571
0.84234,0.63636,0.81743,0.55556,0.78864,0.58427,0.81137,0.625,0.72499,0.46429,0.80396,0.55,0.80055,0.55752,0.80377,0.53922,0.977,0.97647,0.9366,0.78947,0.96237,0.875,0.97752,0.87903,0.94609,0.81579,0.89462,0.69014,0.91667,0.72973,0.90878,0.71311,0.90582,0.7,0.89794,0.70909,0.89296,0.63636,0.85268,0.65625,0.85552,0.63415,0.66334,0.38462,0.88867,0.78571,0.95036,0.9,0.76487,0.5,0.72735,0.46667,0.78436,0.46809,0.92088,0.76923,0.16183,0.071429,0.83928,0.6087,0.93646,0.8,0.86617,0.6,0.89952,0.61111,0.93181,0.72,0.95204,0.88462,0.87336,0.59259,0.65354,0.41667,0.79123,0.64,0.9248,0.85714
0.87002,0.68595,0.82521,0.55556,0.8028,0.58427,0.80874,0.6125,0.77245,0.57143,0.80458,0.55,0.80441,0.56637,0.97079,0.98039,0.97511,0.97647,0.93166,0.77895,0.96184,0.875,0.97758,0.87097,0.94602,0.81579,0.91077,0.64789,0.77147,0.56757,0.91501,0.69672,0.89095,0.69,0.89787,0.70909,0.88959,0.63636,0.85114,0.65625,0.85423,0.65854,0.89772,0.74359,0.85942,0.75,0.93846,0.9,0.79949,0.42857,0.64378,0.26667,0.78048,0.46809,0.92601,0.75641,0.45062,0.28571,0.85645,0.6087,0.93809,0.8,0.86617,0.6,0.93247,0.66667,0.93917,0.72,0.94923,0.88462,0.88756,0.62963,0.64798,0.41667,0.8059,0.64,0.91974,0.85714
0.83501,0.65289,0.83265,0.58889,0.79184,0.5618,0.80369,0.6125,0.76374,0.55357,0.80186,0.55,0.7994,0.55752,0.97146,0.98039,0.97503,0.97647,0.93343,0.77895,0.96709,0.875,0.94712,0.83065,0.94555,0.81579,0.91095,0.64789,0.74609,0.52703,0.91296,0.70492,0.88264,0.69,0.90722,0.72727,0.89286,0.60606,0.85132,0.65625,0.80391,0.53659,0.90199,0.71795,0.87895,0.75,0.94876,0.9,0.78581,0.64286,0.73838,0.53333,0.7848,0.46809,0.91476,0.74359,0.11858,0.042857,0.85445,0.69565,0.86191,0.8,0.86617,0.6,0.87693,0.61111,0.9394,0.72,0.93355,0.88462,0.8827,0.59259,0.61123,0.20833,0.79336,0.6,0.92297,0.85714
0.83501,0.65289,0.84189,0.63333,0.78984,0.57303,0.80983,0.6125,0.76732,0.55357,0.81002,0.5375,0.81395,0.59292,0.97131,0.98039,0.9754,0.96471,0.93635,0.77895,0.97293,0.875,0.97285,0.8629,0.94346,0.81579,0.91555,0.67606,0.90295,0.71622,0.91314,0.71311,0.83312,0.6,0.90526,0.67273,0.87645,0.60606,0.85406,0.65625,0.84688,0.63415,0.85722,0.69231,0.89676,0.75,0.94985,0.9,0.84276,0.78571,0.7137,0.4,0.80441,0.55319,0.92469,0.76923,0.91936,0.74286,0.84699,0.6087,0.92603,0.8,0.86617,0.6,0.92785,0.61111,0.94319,0.72,0.93795,0.84615,0.88963,0.62963,0.66762,0.375,0.7887,0.64,0.9089,0.71429
0.86897,0.68595,0.83977,0.61111,0.79009,0.5618,0.80937,0.625,0.76692,0.57143,0.81104,0.55,0.79216,0.54867,0.96544,0.98039,0.97497,0.96471,0.93624,0.76842,0.96997,0.88158,0.97834,0.87903,0.94291,0.81579,0.92099,0.69014,0.92526,0.71622,0.85497,0.68852,0.85699,0.63,0.91088,0.72727,0.87486,0.60606,0.85262,0.65625,0.85135,0.65854,0.87585,0.74359,0.8922,0.75,0.94546,0.9,0.78851,0.57143,0.74431,0.53333,0.78854,0.46809,0.92639,0.78205,0.36055,0.15714,0.85568,0.65217,0.87572,0.8,0.86617,0.6,0.86304,0.61111,0.93489,0.76,0.90221,0.92308,0.88317,0.62963,0.6678,0.33333,0.78454,0.64,0.91441,0.85714
0.84306,0.64463,0.83436,0.58889,0.76332,0.57303,0.78487,0.5875,0.78023,0.55357,0.79976,0.5375,0.78887,0.55752,0.97189,0.98039,0.97489,0.97647,0.93706,0.78947,0.96941,0.88158,0.98098,0.87097,0.90694,0.76316,0.92278,0.70423,0.90529,0.71622,0.89421,0.69672,0.8739,0.69,0.89109,0.65455,0.85576,0.54545,0.83434,0.59375,0.84665,0.63415,0.90401,0.71795,0.89539,0.78571,0.94516,0.9,0.78214,0.71429,0.64888,0.26667,0.79336,0.46809,0.90121,0.70513,0.51267,0.34286,0.83457,0.6087,0.83545,0.8,0.85852,0.6,0.92785,0.61111,0.94554,0.76,0.94885,0.88462,0.88216,0.66667,0.67229,0.375,0.80134,0.64,0.85803,0.71429
0.84303,0.64463,0.80996,0.51111,0.79184,0.5618,0.78507,0.5875,0.77986,0.57143,0.78915,0.5625,0.78962,0.56637,0.9707,0.98039,0.97666,0.97647,0.93118,0.77895,0.97531,0.875,0.97948,0.87097,0.94193,0.81579,0.91807,0.69014,0.92097,0.71622,0.89658,0.68852,0.83448,0.58,0.90592,0.65455,0.88828,0.66667,0.85462,0.65625,0.85822,0.63415,0.86527,0.71795,0.88719,0.75,0.94135,0.9,0.79024,0.5,0.87874,0.76667,0.85384,0.6383,0.92979,0.75641,0.91892,0.75714,0.83773,0.65217,0.87572,0.8,0.86321,0.6,0.91854,0.61111,0.92638,0.76,0.94928,0.84615,0.88216,0.66667,0.61226,0.33333,0.79416,0.64,0.89461,0.71429
0.86985,0.68595,0.8174,0.56667,0.8028,0.58427,0.78705,0.5875,0.78783,0.58929,0.8113,0.55,0.776,0.54867,0.96538,0.98039,0.97514,0.97647,0.93618,0.76842,0.9742,0.88158,0.97789,0.87903,0.90732,0.75,0.92263,0.70423,0.9354,0.72973,0.87034,0.68033,0.84278,0.6,0.39157,0.14545,0.88823,0.63636,0.84675,0.65625,0.85203,0.63415,0.84771,0.64103,0.87505,0.78571,0.94927,0.9,0.79065,0.57143,0.88445,0.8,0.90804,0.82979,0.92749,0.78205,0.2543,0.14286,0.84505,0.65217,0.83532,0.8,0.86247,0.6,0.91111,0.66667,0.86387,0.64,0.93789,0.84615,0.88208,0.62963,0.66825,0.375,0.6917,0.48,0.89881,0.78571
0.86773,0.68595,0.819,0.54444,0.8058,0.55056,0.81284,0.6125,0.78435,0.55357,0.80875,0.55,0.79747,0.56637,0.97095,0.98039,0.97615,0.96471,0.94183,0.77895,0.97216,0.88158,0.97627,0.8629,0.94854,0.81579,0.92088,0.70423,0.90518,0.71622,0.86073,0.68033,0.88457,0.7,0.90546,0.70909,0.90132,0.60606,0.85293,0.65625,0.8603,0.63415,0.88402,0.74359,0.89391,0.75,0.93411,0.9,0.78581,0.64286,0.8024,0.66667,0.82361,0.59574,0.92919,0.76923,0.28503,0.14286,0.84167,0.65217,0.87572,0.8,0.86247,0.6,0.87011,0.61111,0.94071,0.72,0.93514,0.88462,0.90238,0.66667,0.64916,0.375,0.8161,0.68,0.90964,0.78571
0.81657,0.58678,0.83977,0.61111,0.7869,0.57303,0.80125,0.625,0.76626,0.57143,0.81739,0.55,0.80231,0.55752,0.96839,0.98039,0.97593,0.97647,0.93255,0.75789,0.96601,0.875,0.9723,0.8629,0.94581,0.81579,0.91543,0.70423,0.93136,0.71622,0.90935,0.70492,0.9004,0.7,0.91123,0.69091,0.8778,0.66667,0.85443,0.6875,0.85363,0.63415,0.8593,0.71795,0.91384,0.78571,0.94135,0.9,0.83849,0.64286,0.86926,0.73333,0.87648,0.7234,0.91604,0.74359,0.90349,0.71429,0.84298,0.65217,0.92695,0.8,0.86025,0.6,0.87011,0.61111,0.89267,0.64,0.92627,0.88462,0.89063,0.62963,0.66998,0.375,0.8161,0.68,0.83067,0.78571
0.83073,0.61157,0.83323,0.57778,0.80237,0.57303,0.80096,0.625,0.79357,0.57143,0.80979,0.55,0.80473,0.56637,0.97122,0.98039,0.97589,0.97647,0.91648,0.74737,0.96827,0.875,0.97947,0.8629,0.9455,0.81579,0.91868,0.69014,0.90157,0.7027,0.89309,0.69672,0.89655,0.7,0.88756,0.67273,0.86582,0.63636,0.84993,0.65625,0.86031,0.65854,0.86527,0.71795,0.66283,0.39286,0.94927,0.9,0.79215,0.57143,0.87335,0.73333,0.86395,0.70213,0.91914,0.76923,0.87058,0.62857,0.8634,0.6087,0.86556,0.8,0.86617,0.6,0.90597,0.61111,0.9126,0.64,0.95015,0.92308,0.89084,0.59259,0.61226,0.33333,0.7709,0.6,0.90259,0.78571
0.79489,0.56198,0.8174,0.56667,0.82056,0.55056,0.80988,0.6125,0.79304,0.58929,0.80543,0.55,0.79679,0.57522,0.973,0.98039,0.97764,0.97647,0.93281,0.75789,0.97472,0.86842,0.97839,0.87097,0.94576,0.81579,0.91963,0.69014,0.90979,0.68919,0.9058,0.70492,0.84494,0.67,0.91036,0.69091,0.87511,0.66667,0.85454,0.65625,0.8476,0.63415,0.85537,0.66667,0.87505,0.78571,0.94927,0.9,0.78418,0.5,0.87455,0.73333,0.80345,0.48936,0.91234,0.73077,0.90612,0.72857,0.85666,0.69565,0.89932,0.8,0.86617,0.6,0.89751,0.61111,0.93991,0.72,0.935,0.88462,0.8842,0.62963,0.65336,0.41667,0.78844,0.64,0.91637,0.85714
0.85297,0.66942,0.83632,0.6,0.80529,0.58427,0.80824,0.625,0.78682,0.57143,0.81372,0.55,0.79061,0.56637,0.97039,0.98039,0.97794,0.97647,0.9279,0.75789,0.97364,0.88158,0.97847,0.8629,0.93102,0.78947,0.92202,0.70423,0.92671,0.72973,0.87733,0.68033,0.84085,0.65,0.47088,0.23636,0.88507,0.63636,0.85201,0.65625,0.85456,0.63415,0.88276,0.71795,0.89039,0.75,0.95015,0.9,0.86206,0.78571,0.86926,0.73333,0.88301,0.68085,0.92679,0.78205,0.56531,0.38571,0.84298,0.65217,0.91984,0.8,0.63136,0.6,0.91413,0.61111,0.94395,0.72,0.92903,0.92308,0.90079,0.7037,0.66119,0.375,0.80225,0.68,0.89248,0.71429
0.86197,0.66942,0.78369,0.46667,0.81423,0.58427,0.79744,0.6125,0.78173,0.51786,0.80727,0.5375,0.82108,0.58407,0.97266,0.98039,0.97501,0.97647,0.93045,0.77895,0.97159,0.875,0.97966,0.87097,0.86694,0.68421,0.92468,0.70423,0.92308,0.72973,0.89802,0.68033,0.84021,0.67,0.89373,0.67273,0.88055,0.60606,0.85462,0.65625,0.85805,0.63415,0.85765,0.71795,0.89393,0.75,0.95024,0.9,0.78232,0.5,0.8829,0.73333,0.89912,0.76596,0.90507,0.67949,0.92407,0.75714,0.85223,0.65217,0.91984,0.8,0.86247,0.6,0.79555,0.61111,0.90203,0.64,0.93468,0.88462,0.88942,0.62963,0.66713,0.375,0.77083,0.48,0.92297,0.85714
0.79687,0.57025,0.83784,0.6,0.83307,0.61798,0.81371,0.6125,0.79109,0.58929,0.8185,0.55,0.78975,0.55752,0.9668,0.98039,0.97711,0.97647,0.93128,0.77895,0.98212,0.88158,0.98075,0.87097,0.94316,0.81579,0.91316,0.69014,0.91155,0.71622,0.91296,0.70492,0.82414,0.67,0.90649,0.69091,0.8872,0.63636,0.85962,0.65625,0.84829,0.63415,0.85281,0.69231,0.90248,0.82143,0.94516,0.9,0.81108,0.57143,0.88445,0.8,0.87614,0.7234,0.91683,0.75641,0.69524,0.55714,0.85631,0.65217,0.913,0.8,0.86617,0.6,0.92756,0.66667,0.93942,0.72,0.94406,0.88462,0.87341,0.59259,0.67417,0.41667,0.69225,0.48,0.91568,0.85714
0.81618,0.59504,0.82406,0.56667,0.81818,0.5618,0.81121,0.6,0.7668,0.55357,0.81198,0.55,0.78106,0.53982,0.96895,0.98039,0.9777,0.97647,0.91007,0.73684,0.97029,0.88158,0.97582,0.8629,0.94218,0.81579,0.91805,0.71831,0.90983,0.68919,0.89837,0.68852,0.80787,0.59,0.91296,0.69091,0.89289,0.60606,0.85159,0.65625,0.84717,0.63415,0.85596,0.69231,0.88552,0.67857,0.94504,0.9,0.7982,0.64286,0.70083,0.43333,0.79343,0.48936,0.81159,0.57692,0.89433,0.72857,0.84298,0.65217,0.91984,0.8,0.85926,0.6,0.92756,0.66667,0.93588,0.72,0.935,0.88462,0.89403,0.66667,0.66998,0.375,0.77777,0.48,0.9089,0.71429
0.83786,0.66116,0.83838,0.61111,0.80266,0.60674,0.80423,0.6125,0.78877,0.57143,0.82966,0.575,0.77638,0.54867,0.96672,0.98039,0.9753,0.97647,0.93674,0.75789,0.97318,0.88158,0.97939,0.87097,0.94498,0.81579,0.91749,0.70423,0.91651,0.7027,0.89401,0.69672,0.82171,0.62,0.91242,0.69091,0.85573,0.54545,0.83959,0.625,0.86344,0.65854,0.8545,0.66667,0.89809,0.78571,0.94384,0.9,0.86311,0.78571,0.87874,0.76667,0.86795,0.7234,0.92326,0.76923,0.92221,0.74286,0.85509,0.65217,0.92616,0.8,0.86617,0.6,0.92988,0.61111,0.94223,0.76,0.76647,0.73077,0.88398,0.62963,0.64966,0.375,0.81368,0.68,0.83426,0.78571
0.85047,0.66116,0.81732,0.52222,0.7869,0.57303,0.81334,0.6125,0.7931,0.55357,0.79899,0.55,0.81765,0.56637,0.97069,0.98039,0.97754,0.97647,0.92701,0.74737,0.97698,0.88816,0.97432,0.8629,0.9431,0.81579,0.90748,0.69014,0.90984,0.63514,0.89309,0.69672,0.84395,0.65,0.91235,0.69091,0.86698,0.63636,0.8506,0.65625,0.85843,0.63415,0.86617,0.71795,0.89539,0.78571,0.94096,0.9,0.77811,0.57143,0.87027,0.76667,0.80105,0.48936,0.92352,0.76923,0.91193,0.71429,0.86001,0.69565,0.87572,0.8,0.85926,0.6,0.92267,0.66667,0.94227,0.76,0.9309,0.92308,0.88151,0.62963,0.67343,0.375,0.80645,0.68,0.91559,0.85714
0.84264,0.66116,0.83469,0.57778,0.79493,0.58427,0.79019,0.5875,0.78409,0.57143,0.81834,0.5375,0.80112,0.54867,0.97186,0.98039,0.97791,0.97647,0.94114,0.8,0.97314,0.88158,0.97839,0.8629,0.94246,0.80263,0.9161,0.67606,0.92305,0.72973,0.91424,0.70492,0.86328,0.67,0.5559,0.36364,0.88504,0.63636,0.84768,0.65625,0.84534,0.60976,0.89981,0.69231,0.91384,0.78571,0.94666,0.9,0.82358,0.71429,0.70083,0.43333,0.90668,0.82979,0.92244,0.76923,0.89785,0.72857,0.78347,0.6087,0.85604,0.8,0.86025,0.6,0.92267,0.66667,0.94319,0.72,0.94989,0.92308,0.89228,0.62963,0.67707,0.375,0.81368,0.64,0.69075,0.42857
0.83542,0.64463,0.72923,0.43333,0.81907,0.59551,0.81082,0.625,0.79417,0.58929,0.81903,0.5875,0.80969,0.56637,0.9706,0.98039,0.97558,0.97647,0.93398,0.77895,0.95951,0.86842,0.97992,0.8629,0.93467,0.75,0.92121,0.71831,0.91879,0.72973,0.9003,0.68033,0.81126,0.61,0.91372,0.70909,0.88463,0.60606,0.84935,0.65625,0.84785,0.63415,0.88429,0.71795,0.66283,0.39286,0.94498,0.9,0.84362,0.71429,0.8024,0.66667,0.79336,0.46809,0.89945,0.71795,0.86336,0.61429,0.84699,0.6087,0.95295,1,0.86642,0.6,0.93142,0.66667,0.87471,0.64,0.91631,0.84615,0.90524,0.7037,0.64689,0.375,0.81412,0.68,0.91109,0.78571
0.81535,0.58678,0.84045,0.61111,0.82724,0.61798,0.80957,0.625,0.74809,0.5,0.82485,0.5625,0.81008,0.57522,0.97297,0.98039,0.97817,0.97647,0.94136,0.77895,0.972,0.875,0.9803,0.8629,0.9459,0.81579,0.92306,0.70423,0.91268,0.68919,0.87191,0.67213,0.78772,0.58,0.89893,0.67273,0.88256,0.63636,0.83664,0.625,0.85987,0.63415,0.67717,0.41026,0.88556,0.67857,0.94666,0.9,0.8556,0.71429,0.88229,0.73333,0.831,0.55319,0.9074,0.73077,0.18344,0.071429,0.84682,0.65217,0.80143,0.8,0.8642,0.6,0.68655,0.44444,0.92237,0.68,0.92755,0.92308,0.88889,0.62963,0.69415,0.41667,0.81413,0.64,0.92782,0.85714
0.84504,0.65289,0.8306,0.58889,0.83365,0.62921,0.81663,0.6125,0.77507,0.55357,0.80951,0.55,0.80662,0.55752,0.96731,0.98039,0.97789,0.97647,0.94513,0.8,0.97576,0.875,0.98138,0.87097,0.95112,0.81579,0.91661,0.70423,0.91907,0.67568,0.84658,0.68852,0.75643,0.49,0.89695,0.67273,0.86853,0.63636,0.85202,0.65625,0.8609,0.63415,0.86381,0.66667,0.8855,0.75,0.94504,0.9,0.8099,0.64286,0.87027,0.76667,0.80939,0.61702,0.92677,0.78205,0.92286,0.74286,0.86848,0.6087,0.913,0.8,0.85259,0.6,0.88339,0.61111,0.8048,0.64,0.94865,0.92308,0.88105,0.59259,0.65463,0.41667,0.81663,0.64,0.9066,0.78571
0.81657,0.58678,0.82825,0.57778,0.78907,0.51685,0.80808,0.6375,0.79896,0.57143,0.82082,0.55,0.81573,0.53982,0.97381,0.98039,0.97289,0.97647,0.92896,0.76842,0.972,0.88158,0.97591,0.8629,0.95013,0.81579,0.92176,0.69014,0.91289,0.7027,0.90665,0.71311,0.89865,0.71,0.9144,0.69091,0.86028,0.60606,0.84888,0.65625,0.86009,0.65854,0.89862,0.74359,0.88913,0.78571,0.94384,0.9,0.72872,0.57143,0.8775,0.76667,0.84193,0.61702,0.91487,0.73077,0.69487,0.5,0.81521,0.6087,0.83558,0.8,0.86938,0.6,0.90164,0.61111,0.94072,0.72,0.92388,0.92308,0.88658,0.66667,0.66999,0.375,0.81092,0.68,0.92202,0.78571
0.81513,0.61157,0.82843,0.57778,0.80515,0.55056,0.81,0.6125,0.79242,0.60714,0.81638,0.55,0.81062,0.54867,0.97152,0.98039,0.97632,0.97647,0.93268,0.76842,0.9631,0.875,0.97815,0.87097,0.95007,0.81579,0.91945,0.71831,0.92742,0.7027,0.90575,0.70492,0.88489,0.67,0.91404,0.70909,0.88336,0.63636,0.84897,0.65625,0.84996,0.63415,0.90047,0.71795,0.88913,0.78571,0.73463,0.7,0.85308,0.71429,0.74641,0.5,0.91172,0.82979,0.91225,0.75641,0.93366,0.75714,0.85739,0.65217,0.92695,0.8,0.86444,0.6,0.91017,0.61111,0.94187,0.72,0.93775,0.88462,0.88332,0.66667,0.65938,0.375,0.75804,0.52,0.92151,0.78571
0.83889,0.61983,0.82435,0.57778,0.71235,0.44944,0.81362,0.6375,0.77605,0.55357,0.82392,0.5625,0.80287,0.55752,0.97056,0.98039,0.61262,0.49412,0.93244,0.76842,0.98035,0.88816,0.97936,0.8629,0.94394,0.81579,0.91867,0.70423,0.89808,0.7027,0.91892,0.72131,0.85372,0.59,0.91332,0.69091,0.85311,0.60606,0.84944,0.65625,0.85552,0.63415,0.8695,0.71795,0.86506,0.75,0.94384,0.9,0.81694,0.57143,0.85868,0.66667,0.79561,0.46809,0.91487,0.73077,0.91869,0.74286,0.83749,0.65217,0.93301,0.8,0.85481,0.6,0.90364,0.61111,0.90747,0.64,0.92663,0.88462,0.8738,0.55556,0.65359,0.41667,0.81368,0.64,0.92782,0.85714
0.83776,0.61983,0.82737,0.57778,0.81941,0.5618,0.80938,0.625,0.79084,0.55357,0.82011,0.5625,0.80441,0.56637,0.97109,0.98039,0.97496,0.97647,0.93166,0.77895,0.97722,0.88816,0.9748,0.87097,0.9489,0.81579,0.91102,0.64789,0.92584,0.68919,0.91408,0.70492,0.90038,0.7,0.85907,0.61818,0.88915,0.66667,0.85023,0.65625,0.85989,0.63415,0.85282,0.71795,0.89856,0.78571,0.94678,0.9,0.87037,0.78571,0.89322,0.8,0.88662,0.74468,0.91225,0.75641,0.19035,0.085714,0.79368,0.6087,0.93301,0.8,0.86667,0.6,0.91181,0.66667,0.93978,0.72,0.94885,0.88462,0.87203,0.59259,0.64981,0.375,0.78844,0.64,0.89699,0.78571
0.85297,0.66942,0.82317,0.57778,0.79022,0.51685,0.8128,0.625,0.78425,0.55357,0.81859,0.5375,0.78962,0.56637,0.97142,0.98039,0.97869,0.97647,0.94362,0.78947,0.97645,0.88816,0.98083,0.87097,0.93102,0.78947,0.92149,0.70423,0.93149,0.71622,0.913,0.70492,0.8994,0.71,0.91403,0.69091,0.87995,0.66667,0.85231,0.65625,0.82865,0.60976,0.86621,0.71795,0.88628,0.75,0.94976,0.9,0.84623,0.71429,0.86617,0.7,0.78048,0.46809,0.91007,0.71795,0.91399,0.67143,0.85536,0.6087,0.86497,0.8,0.85926,0.6,0.91253,0.61111,0.86292,0.64,0.9347,0.84615,0.88766,0.62963,0.65053,0.375,0.81204,0.68,0.90035,0.78571
0.85298,0.66116,0.81686,0.6,0.80465,0.62921,0.81334,0.6125,0.76983,0.55357,0.81834,0.55,0.77523,0.55752,0.97096,0.98039,0.96973,0.97647,0.94507,0.78947,0.97218,0.88158,0.97999,0.87097,0.94688,0.80263,0.91973,0.71831,0.91826,0.72973,0.90158,0.70492,0.84395,0.65,0.88577,0.65455,0.88875,0.63636,0.8499,0.65625,0.85922,0.65854,0.88947,0.74359,0.87279,0.75,0.94096,0.9,0.83171,0.64286,0.88245,0.8,0.82256,0.51064,0.91555,0.75641,0.15453,0.057143,0.85074,0.65217,0.93301,0.8,0.86222,0.6,0.90597,0.61111,0.93995,0.72,0.94196,0.84615,0.88944,0.59259,0.62763,0.25,0.81368,0.68,0.91559,0.85714
0.82417,0.6281,0.80487,0.53333,0.81689,0.60674,0.79019,0.5875,0.79521,0.58929,0.81837,0.5625,0.78175,0.54867,0.97142,0.98039,0.97532,0.97647,0.93153,0.77895,0.96669,0.875,0.97817,0.8629,0.95081,0.80263,0.92203,0.69014,0.77147,0.56757,0.91233,0.71311,0.89147,0.7,0.88577,0.65455,0.86582,0.63636,0.84998,0.6875,0.85812,0.63415,0.87666,0.71795,0.86879,0.75,0.94654,0.9,0.84797,0.64286,0.82397,0.7,0.83687,0.51064,0.92998,0.75641,0.1057,0.042857,0.85108,0.65217,0.92564,0.8,0.86642,0.6,0.89806,0.61111,0.92237,0.68,0.93172,0.92308,0.89155,0.66667,0.66574,0.375,0.80645,0.68,0.9317,0.85714
0.82596,0.65289,0.82525,0.58889,0.43858,0.1236,0.79401,0.6125,0.77253,0.55357,0.8113,0.55,0.80061,0.51327,0.97218,0.98039,0.97783,0.97647,0.93294,0.75789,0.96237,0.875,0.97721,0.85484,0.94575,0.81579,0.91716,0.71831,0.91887,0.72973,0.91096,0.71311,0.90661,0.7,0.89729,0.67273,0.89123,0.66667,0.85984,0.65625,0.85243,0.63415,0.87166,0.74359,0.873,0.75,0.94486,0.9,0.87313,0.78571,0.88855,0.8,0.91736,0.87234,0.92028,0.76923,0.11357,0.042857,0.84331,0.6087,0.91984,0.8,0.86173,0.6,0.92744,0.66667,0.93995,0.72,0.9542,0.92308,0.88149,0.59259,0.61329,0.20833,0.77142,0.6,0.92184,0.78571
0.76232,0.5124,0.81725,0.6,0.79482,0.52809,0.79535,0.6125,0.7868,0.57143,0.80727,0.5375,0.81188,0.56637,0.96476,0.98039,0.97406,0.97647,0.94131,0.78947,0.97301,0.875,0.97847,0.8629,0.94774,0.81579,0.92177,0.69014,0.9221,0.7027,0.91492,0.71311,0.88489,0.67,0.89373,0.67273,0.84468,0.54545,0.83949,0.6875,0.86049,0.63415,0.85309,0.71795,0.894,0.75,0.95123,0.9,0.85579,0.64286,0.86581,0.7,0.89779,0.78723,0.9189,0.75641,0.42829,0.22857,0.85226,0.65217,0.8724,0.8,0.85877,0.6,0.91372,0.61111,0.80974,0.64,0.92654,0.88462,0.87518,0.55556,0.66918,0.375,0.81665,0.68,0.91109,0.78571
0.82537,0.65289,0.80354,0.56667,0.81081,0.5618,0.80808,0.6375,0.79932,0.55357,0.79953,0.55,0.81212,0.54867,0.96731,0.98039,0.97817,0.97647,0.91648,0.74737,0.88071,0.70395,0.979,0.8629,0.94815,0.80263,0.92271,0.70423,0.92896,0.71622,0.90878,0.71311,0.89095,0.69,0.91242,0.69091,0.8874,0.69697,0.84204,0.625,0.85619,0.63415,0.86977,0.74359,0.92216,0.85714,0.94654,0.9,0.81451,0.64286,0.84459,0.7,0.87495,0.74468,0.90022,0.71795,0.093954,0.042857,0.85322,0.65217,0.83552,0.8,0.87012,0.6,0.89257,0.61111,0.86292,0.64,0.93243,0.88462,0.8765,0.62963,0.65335,0.375,0.77777,0.48,0.92151,0.78571
0.82443,0.65289,0.80287,0.56667,0.81979,0.57303,0.80891,0.6125,0.79591,0.57143,0.82329,0.5875,0.81105,0.54867,0.97032,0.98039,0.97794,0.97647,0.93218,0.75789,0.98041,0.88816,0.97807,0.87903,0.95163,0.81579,0.91543,0.70423,0.92621,0.7027,0.73215,0.5,0.83127,0.66,0.89893,0.67273,0.82237,0.57576,0.85402,0.65625,0.86037,0.65854,0.86261,0.71795,0.91384,0.78571,0.95057,0.9,0.80778,0.57143,0.8484,0.7,0.90914,0.82979,0.92927,0.75641,0.56768,0.45714,0.84796,0.6087,0.92695,0.8,0.86617,0.6,0.86738,0.61111,0.91648,0.68,0.8619,0.88462,0.90569,0.7037,0.67169,0.375,0.69225,0.48,0.89461,0.71429
0.81142,0.59504,0.81893,0.61111,0.82725,0.59551,0.81349,0.625,0.76748,0.55357,0.80186,0.55,0.78373,0.54867,0.97131,0.98039,0.97676,0.97647,0.93781,0.75789,0.98228,0.88158,0.97215,0.8629,0.95007,0.81579,0.92227,0.71831,0.91724,0.67568,0.91762,0.71311,0.84494,0.67,0.913,0.72727,0.8731,0.63636,0.85262,0.65625,0.85585,0.65854,0.86977,0.74359,0.9005,0.82143,0.94105,0.9,0.81639,0.64286,0.87951,0.73333,0.91745,0.87234,0.92238,0.75641,0.84903,0.64286,0.86166,0.65217,0.95321,1,0.84691,0.6,0.89952,0.61111,0.92237,0.68,0.93678,0.88462,0.88651,0.62963,0.66413,0.375,0.78844,0.64,0.69075,0.42857
0.71842,0.46281,0.80718,0.57778,0.76406,0.57303,0.78705,0.5875,0.76692,0.57143,0.79037,0.5625,0.77982,0.55752,0.97137,0.98039,0.977,0.97647,0.93281,0.75789,0.97252,0.88158,0.97347,0.85484,0.94597,0.81579,0.9104,0.67606,0.92671,0.72973,0.91426,0.72131,0.82414,0.67,0.89347,0.69091,0.8562,0.54545,0.85274,0.6875,0.85641,0.63415,0.86621,0.71795,0.9038,0.82143,0.94756,0.9,0.68578,0.42857,0.8484,0.7,0.91777,0.82979,0.92755,0.78205,0.88057,0.67143,0.8506,0.56522,0.89938,0.8,0.86617,0.6,0.91287,0.61111,0.81511,0.64,0.76722,0.73077,0.89013,0.62963,0.64819,0.41667,0.79746,0.64,0.9089,0.71429
0.84057,0.66942,0.8032,0.56667,0.81783,0.61798,0.79186,0.6,0.76039,0.5,0.78773,0.55,0.80851,0.56637,0.97013,0.98039,0.61262,0.49412,0.93556,0.76842,0.97207,0.88158,0.97341,0.85484,0.94555,0.81579,0.91931,0.71831,0.91541,0.72973,0.91384,0.70492,0.8739,0.69,0.91555,0.69091,0.85576,0.54545,0.84178,0.65625,0.8511,0.63415,0.67956,0.41026,0.89856,0.78571,0.94729,0.9,0.81042,0.57143,0.87951,0.73333,0.90887,0.82979,0.92699,0.78205,0.65044,0.45714,0.85108,0.65217,0.92616,0.8,0.86025,0.6,0.9009,0.61111,0.91648,0.68,0.94609,0.88462,0.89013,0.62963,0.66896,0.375,0.7946,0.6,0.92764,0.85714
0.73095,0.47107,0.83011,0.58889,0.81285,0.5618,0.81743,0.6125,0.78872,0.60714,0.81847,0.5375,0.8034,0.54867,0.97217,0.98039,0.97627,0.97647,0.93708,0.76842,0.97696,0.88816,0.97838,0.87097,0.94288,0.80263,0.91102,0.64789,0.93047,0.72973,0.85732,0.68852,0.85869,0.65,0.88275,0.69091,0.88055,0.60606,0.85309,0.6875,0.86331,0.63415,0.88276,0.71795,0.92216,0.85714,0.9387,0.9,0.85514,0.71429,0.71721,0.46667,0.7518,0.61702,0.91578,0.75641,0.22628,0.085714,0.84129,0.6087,0.89925,0.8,0.86667,0.6,0.93648,0.66667,0.8728,0.64,0.91337,0.88462,0.90212,0.66667,0.67308,0.375,0.8165,0.64,0.87298,0.71429
0.75554,0.4876,0.81709,0.6,0.79773,0.5618,0.81124,0.65,0.79923,0.60714,0.82141,0.5375,0.80969,0.56637,0.97302,0.98039,0.97521,0.96471,0.93136,0.75789,0.97851,0.88816,0.9777,0.87097,0.9443,0.80263,0.92468,0.70423,0.93095,0.72973,0.89416,0.69672,0.8739,0.69,0.91403,0.69091,0.85784,0.72727,0.85464,0.6875,0.84917,0.63415,0.87965,0.71795,0.89769,0.82143,0.94498,0.9,0.81343,0.64286,0.88917,0.8,0.8996,0.78723,0.92381,0.76923,0.90229,0.7,0.84732,0.6087,0.89938,0.8,0.86617,0.6,0.92756,0.66667,0.93445,0.76,0.9147,0.88462,0.88495,0.59259,0.67417,0.41667,0.79037,0.56,0.91676,0.85714
0.71262,0.47107,0.81677,0.6,0.80185,0.53933,0.80738,0.625,0.7202,0.46429,0.78723,0.5625,0.81172,0.53982,0.96115,0.98039,0.97512,0.97647,0.93624,0.76842,0.97385,0.88158,0.97941,0.8629,0.95016,0.81579,0.91772,0.69014,0.92306,0.71622,0.903,0.70492,0.90079,0.67,0.89053,0.67273,0.88059,0.60606,0.8463,0.625,0.8585,0.63415,0.85296,0.71795,0.86506,0.75,0.95045,0.9,0.84927,0.64286,0.8484,0.7,0.91776,0.85106,0.9225,0.76923,0.80137,0.62857,0.84484,0.6087,0.89958,0.8,0.85926,0.6,0.92267,0.66667,0.93995,0.72,0.93014,0.92308,0.90233,0.7037,0.66222,0.33333,0.78994,0.6,0.90943,0.78571
0.7132,0.47107,0.83436,0.58889,0.81731,0.60674,0.79914,0.6125,0.7666,0.57143,0.81721,0.55,0.8194,0.56637,0.96565,0.98039,0.9751,0.97647,0.92312,0.74737,0.98114,0.88816,0.97858,0.8629,0.95131,0.81579,0.92121,0.71831,0.91671,0.72973,0.90107,0.69672,0.90747,0.69,0.87102,0.58182,0.81132,0.48485,0.85067,0.65625,0.86089,0.65854,0.85765,0.71795,0.89393,0.75,0.94976,0.9,0.8688,0.78571,0.8484,0.7,0.90478,0.78723,0.9074,0.73077,0.92365,0.71429,0.85536,0.6087,0.74409,0.6,0.86617,0.6,0.92744,0.66667,0.93995,0.72,0.91467,0.84615,0.89688,0.66667,0.61226,0.33333,0.79718,0.64,0.92294,0.85714
0.81284,0.58678,0.81609,0.6,0.81783,0.61798,0.80837,0.625,0.79357,0.57143,0.8173,0.55,0.77594,0.54867,0.96672,0.98039,0.97557,0.97647,0.93612,0.76842,0.97155,0.875,0.97752,0.87903,0.94346,0.81579,0.9172,0.71831,0.92119,0.67568,0.91196,0.72131,0.91399,0.7,0.89484,0.67273,0.89286,0.60606,0.8575,0.65625,0.86635,0.63415,0.88779,0.69231,0.92216,0.85714,0.94939,0.9,0.84802,0.64286,0.87129,0.73333,0.89462,0.76596,0.9152,0.73077,0.91523,0.71429,0.8315,0.56522,0.89925,0.8,0.8642,0.6,0.92697,0.66667,0.81788,0.64,0.94912,0.84615,0.89928,0.62963,0.65336,0.41667,0.81302,0.64,0.92612,0.85714
0.75362,0.54545,0.83846,0.6,0.78864,0.58427,0.80096,0.625,0.78409,0.57143,0.78915,0.5625,0.79821,0.52212,0.97018,0.98039,0.97792,0.97647,0.93431,0.77895,0.41394,0.25658,0.97939,0.87097,0.94602,0.81579,0.9228,0.69014,0.84751,0.58108,0.89523,0.69672,0.91455,0.71,0.90817,0.70909,0.88833,0.66667,0.85309,0.65625,0.8592,0.63415,0.84771,0.64103,0.92216,0.85714,0.94678,0.9,0.80179,0.64286,0.85525,0.7,0.7999,0.68085,0.91578,0.76923,0.10297,0.042857,0.83608,0.56522,0.92616,0.8,0.86642,0.6,0.89192,0.61111,0.8728,0.64,0.94543,0.88462,0.90263,0.7037,0.66998,0.375,0.76635,0.56,0.92968,0.85714
0.72248,0.46281,0.83011,0.58889,0.43858,0.1236,0.81373,0.625,0.78425,0.55357,0.80458,0.55,0.80006,0.56637,0.97159,0.98039,0.97314,0.96471,0.93114,0.75789,0.96519,0.875,0.97681,0.87097,0.95093,0.81579,0.91636,0.70423,0.92308,0.7027,0.90565,0.71311,0.81126,0.61,0.91245,0.70909,0.85308,0.60606,0.84861,0.65625,0.85837,0.65854,0.86527,0.71795,0.89837,0.82143,0.95138,0.9,0.80108,0.71429,0.8319,0.63333,0.89026,0.74468,0.92402,0.78205,0.45062,0.28571,0.8404,0.6087,0.92564,0.8,0.86049,0.6,0.91066,0.61111,0.93418,0.76,0.95058,0.88462,0.88216,0.66667,0.6678,0.33333,0.82177,0.68,0.8954,0.71429
0.83542,0.64463,0.8032,0.56667,0.81941,0.5618,0.803,0.625,0.78377,0.58929,0.81834,0.55,0.80006,0.55752,0.97177,0.98039,0.97511,0.97647,0.925,0.77895,0.97231,0.88158,0.97567,0.8629,0.94343,0.80263,0.91844,0.70423,0.92244,0.72973,0.89726,0.68033,0.89386,0.7,0.9109,0.72727,0.87676,0.60606,0.85269,0.65625,0.85061,0.63415,0.86957,0.71795,0.9038,0.82143,0.94588,0.9,0.80167,0.64286,0.86654,0.76667,0.87545,0.74468,0.89072,0.67949,0.14493,0.071429,0.85315,0.6087,0.8724,0.8,0.86617,0.6,0.89976,0.61111,0.89195,0.68,0.90565,0.92308,0.88161,0.66667,0.61904,0.33333,0.75306,0.48,0.88294,0.71429
0.82443,0.65289,0.83323,0.57778,0.80076,0.55056,0.80454,0.625,0.78397,0.55357,0.80979,0.55,0.81395,0.59292,0.96793,0.98039,0.97789,0.97647,0.93706,0.78947,0.7977,0.58553,0.94434,0.81452,0.93629,0.78947,0.9169,0.69014,0.91103,0.71622,0.91335,0.70492,0.88225,0.71,0.90592,0.65455,0.82444,0.51515,0.85382,0.6875,0.85485,0.63415,0.85281,0.69231,0.92216,0.85714,0.95213,0.9,0.86983,0.78571,0.87774,0.73333,0.90866,0.82979,0.91569,0.73077,0.56531,0.38571,0.83608,0.56522,0.87572,0.8,0.86247,0.6,0.91196,0.66667,0.88929,0.68,0.93369,0.88462,0.87348,0.59259,0.6423,0.375,0.76,0.48,0.88294,0.71429
0.81291,0.58678,0.81697,0.6,0.78984,0.57303,0.81,0.6125,0.7939,0.57143,0.81245,0.55,0.78887,0.55752,0.97177,0.98039,0.97817,0.97647,0.94318,0.77895,0.97175,0.875,0.98026,0.87097,0.94641,0.81579,0.92306,0.70423,0.91615,0.72973,0.90322,0.70492,0.84278,0.6,0.91036,0.69091,0.87843,0.63636,0.85193,0.65625,0.85663,0.63415,0.90401,0.71795,0.92216,0.85714,0.94582,0.9,0.81596,0.71429,0.85027,0.7,0.8996,0.78723,0.93165,0.78205,0.5173,0.32857,0.85712,0.6087,0.91548,0.8,0.87012,0.6,0.89751,0.61111,0.92634,0.72,0.93514,0.88462,0.88133,0.62963,0.6423,0.375,0.77777,0.48,0.9066,0.78571
0.81618,0.59504,0.82113,0.56667,0.81818,0.5618,0.81089,0.625,0.77986,0.57143,0.81016,0.55,0.78999,0.55752,0.97056,0.98039,0.97593,0.97647,0.9317,0.78947,0.97477,0.875,0.97974,0.87097,0.94316,0.81579,0.9213,0.70423,0.92828,0.72973,0.85113,0.67213,0.88309,0.7,0.88279,0.70909,0.81275,0.57576,0.85293,0.65625,0.84141,0.63415,0.8545,0.66667,0.92216,0.85714,0.94378,0.9,0.81672,0.71429,0.88245,0.8,0.87477,0.74468,0.92582,0.76923,0.27286,0.12857,0.85465,0.6087,0.93301,0.8,0.86296,0.6,0.90479,0.61111,0.88925,0.68,0.94406,0.88462,0.81939,0.62963,0.62796,0.33333,0.75306,0.48,0.92023,0.71429
0.79687,0.57025,0.81882,0.56667,0.80529,0.58427,0.80957,0.625,0.79304,0.58929,0.80476,0.55,0.80963,0.56637,0.97199,0.98039,0.9763,0.96471,0.93343,0.77895,0.96997,0.88158,0.97757,0.87097,0.94611,0.81579,0.92278,0.70423,0.90853,0.71622,0.90158,0.70492,0.88457,0.7,0.39157,0.14545,0.87168,0.66667,0.84892,0.65625,0.86148,0.65854,0.88068,0.71795,0.89771,0.82143,0.94621,0.9,0.81672,0.71429,0.86986,0.76667,0.89939,0.78723,0.91104,0.74359,0.43993,0.28571,0.85288,0.6087,0.93809,0.8,0.86617,0.6,0.93142,0.66667,0.92634,0.72,0.93849,0.88462,0.90276,0.7037,0.6423,0.375,0.69225,0.48,0.92023,0.71429
0.82596,0.65289,0.84196,0.63333,0.79009,0.5618,0.80802,0.625,0.76626,0.57143,0.81372,0.55,0.80498,0.56637,0.97209,0.98039,0.978,0.97647,0.93321,0.75789,0.97088,0.88158,0.97776,0.8629,0.94544,0.81579,0.92176,0.69014,0.92256,0.71622,0.85564,0.59016,0.78772,0.58,0.90722,0.72727,0.88463,0.60606,0.85298,0.65625,0.82682,0.60976,0.87666,0.71795,0.9038,0.82143,0.95138,0.9,0.81596,0.71429,0.83057,0.66667,0.91099,0.80851,0.9069,0.73077,0.92244,0.74286,0.8404,0.6087,0.83565,0.8,0.86247,0.6,0.92756,0.66667,0.94003,0.72,0.76647,0.73077,0.8866,0.66667,0.66239,0.41667,0.76235,0.56,0.88294,0.71429
0.75362,0.54545,0.80287,0.56667,0.81094,0.5618,0.80988,0.6125,0.76983,0.51786,0.81739,0.55,0.78209,0.53097,0.97189,0.98039,0.97532,0.97647,0.9371,0.78947,0.97086,0.875,0.97354,0.85484,0.94629,0.80263,0.9185,0.70423,0.89683,0.71622,0.81184,0.55738,0.8994,0.71,0.91296,0.69091,0.88287,0.66667,0.85259,0.65625,0.85812,0.63415,0.87666,0.69231,0.92217,0.85714,0.94687,0.9,0.84927,0.64286,0.86533,0.7,0.90538,0.78723,0.92577,0.78205,0.92416,0.74286,0.85472,0.6087,0.91984,0.8,0.86247,0.6,0.68655,0.44444,0.92237,0.68,0.95353,0.92308,0.88931,0.62963,0.6423,0.375,0.75991,0.56,0.92404,0.85714
0.83501,0.65289,0.83838,0.61111,0.81979,0.57303,0.78596,0.625,0.76814,0.57143,0.72708,0.4625,0.80662,0.55752,0.97011,0.98039,0.97431,0.97647,0.93398,0.77895,0.98116,0.88816,0.9781,0.8629,0.94251,0.80263,0.89044,0.67606,0.90974,0.72973,0.90084,0.70492,0.90582,0.7,0.89695,0.67273,0.88256,0.63636,0.85248,0.65625,0.85834,0.63415,0.85332,0.69231,0.85405,0.78571,0.94378,0.9,0.73124,0.5,0.87027,0.76667,0.83687,0.51064,0.92987,0.76923,0.89273,0.7,0.85437,0.65217,0.89932,0.8,0.86617,0.6,0.92267,0.66667,0.88925,0.68,0.94854,0.92308,0.91068,0.77778,0.66293,0.41667,0.8165,0.64,0.91946,0.78571
0.85047,0.66116,0.83469,0.57778,0.8333,0.61798,0.80359,0.625,0.78538,0.55357,0.80239,0.5375,0.80729,0.56637,0.97132,0.98039,0.97702,0.97647,0.936,0.77895,0.96914,0.88158,0.97285,0.8629,0.94291,0.81579,0.92099,0.69014,0.90295,0.71622,0.90892,0.71311,0.83448,0.58,0.90906,0.72727,0.89289,0.60606,0.85257,0.65625,0.84762,0.63415,0.85922,0.71795,0.85544,0.78571,0.94378,0.9,0.80167,0.64286,0.85187,0.7,0.91776,0.85106,0.92542,0.76923,0.88804,0.68571,0.84181,0.56522,0.92616,0.8,0.8679,0.6,0.88495,0.61111,0.91347,0.56,0.92672,0.92308,0.87918,0.62963,0.64634,0.41667,0.74691,0.6,0.91642,0.78571
0.83776,0.61983,0.83809,0.6,0.80885,0.61798,0.81426,0.6125,0.79442,0.58929,0.78692,0.55,0.80349,0.53982,0.96428,0.98039,0.97289,0.97647,0.93175,0.77895,0.98161,0.88158,0.97128,0.85484,0.94115,0.81579,0.91007,0.67606,0.88811,0.7027,0.91224,0.68852,0.88251,0.69,0.89349,0.69091,0.89147,0.63636,0.84495,0.65625,0.85878,0.63415,0.82837,0.58974,0.873,0.75,0.95213,0.9,0.84549,0.71429,0.85868,0.66667,0.83625,0.6383,0.92392,0.78205,0.91843,0.71429,0.85536,0.6087,0.913,0.8,0.8679,0.6,0.90999,0.61111,0.89195,0.68,0.94406,0.88462,0.87813,0.55556,0.66157,0.41667,0.8422,0.64,0.9066,0.78571
0.73095,0.47107,0.82825,0.57778,0.80603,0.52809,0.80653,0.6125,0.80313,0.58929,0.82286,0.55,0.80055,0.55752,0.97155,0.98039,0.97807,0.97647,0.93466,0.77895,0.97238,0.88158,0.97242,0.8629,0.94538,0.81579,0.92303,0.70423,0.87844,0.68919,0.91064,0.72131,0.86923,0.69,0.90648,0.69091,0.86028,0.60606,0.83233,0.59375,0.85241,0.63415,0.86243,0.69231,0.92216,0.85714,0.94504,0.9,0.8688,0.78571,0.8512,0.7,0.91099,0.80851,0.92639,0.78205,0.87577,0.67143,0.86166,0.65217,0.80163,0.8,0.86222,0.6,0.86068,0.61111,0.94656,0.76,0.94366,0.88462,0.89598,0.7037,0.5778,0.25,0.83632,0.64,0.91642,0.78571
0.8457,0.66942,0.82168,0.55556,0.8151,0.58427,0.81033,0.6125,0.80431,0.57143,0.80154,0.55,0.80231,0.55752,0.96774,0.97059,0.97364,0.97647,0.93214,0.76842,0.96544,0.875,0.94712,0.83065,0.95305,0.81579,0.92086,0.71831,0.91667,0.72973,0.90805,0.70492,0.89573,0.65,0.56239,0.36364,0.87265,0.69697,0.84863,0.65625,0.85145,0.63415,0.88306,0.71795,0.85405,0.78571,0.94939,0.9,0.87037,0.78571,0.84456,0.7,0.90404,0.76596,0.91506,0.74359,0.91974,0.71429,0.85301,0.6087,0.95321,1,0.8679,0.6,0.89993,0.61111,0.92638,0.72,0.92402,0.96154,0.88452,0.62963,0.65459,0.41667,0.81663,0.64,0.92453,0.85714
0.86197,0.66942,0.81732,0.52222,0.80483,0.55056,0.81362,0.6375,0.75236,0.53571,0.80268,0.55,0.75788,0.52212,0.97067,0.98039,0.9754,0.96471,0.93848,0.75789,0.97383,0.88158,0.97724,0.87903,0.90987,0.76316,0.91583,0.67606,0.9137,0.63514,0.89911,0.70492,0.83245,0.58,0.91379,0.69091,0.8872,0.63636,0.84121,0.65625,0.85935,0.65854,0.89997,0.71795,0.85544,0.78571,0.95057,0.9,0.80108,0.71429,0.83057,0.66667,0.90817,0.82979,0.90806,0.73077,0.92205,0.74286,0.866,0.6087,0.83558,0.8,0.86617,0.6,0.89929,0.61111,0.9475,0.72,0.92904,0.92308,0.88269,0.62963,0.63804,0.25,0.76635,0.56,0.90427,0.78571
0.72248,0.46281,0.83977,0.61111,0.80192,0.53933,0.78487,0.5875,0.76937,0.55357,0.79351,0.5625,0.78981,0.55752,0.96989,0.97059,0.97783,0.97647,0.94521,0.8,0.97236,0.875,0.9773,0.8629,0.94273,0.81579,0.91158,0.69014,0.90711,0.71622,0.91224,0.68033,0.8708,0.67,0.91343,0.70909,0.87162,0.63636,0.83152,0.59375,0.84678,0.63415,0.87984,0.71795,0.9005,0.82143,0.73547,0.7,0.84623,0.71429,0.87413,0.76667,0.81797,0.61702,0.9159,0.76923,0.92611,0.74286,0.85074,0.65217,0.89925,0.8,0.86049,0.6,0.93247,0.66667,0.91817,0.64,0.90221,0.92308,0.8973,0.62963,0.63779,0.375,0.82585,0.68,0.93984,0.85714
0.75554,0.4876,0.77706,0.55556,0.79184,0.5618,0.79668,0.6125,0.79261,0.60714,0.81224,0.575,0.79918,0.51327,0.97229,0.98039,0.9753,0.97647,0.94545,0.78947,0.81833,0.625,0.27176,0.096774,0.94617,0.81579,0.92221,0.70423,0.87965,0.59459,0.91269,0.71311,0.90641,0.71,0.88249,0.65455,0.86934,0.63636,0.85553,0.6875,0.86031,0.63415,0.81023,0.5641,0.86879,0.75,0.95045,0.9,0.85514,0.71429,0.88245,0.8,0.82904,0.6383,0.92734,0.78205,0.9232,0.74286,0.85883,0.65217,0.80143,0.8,0.87309,0.6,0.92756,0.66667,0.94656,0.76,0.93176,0.92308,0.88641,0.59259,0.65324,0.41667,0.76,0.48,0.92151,0.78571
0.82496,0.64463,0.81676,0.6,0.79773,0.5618,0.80704,0.6125,0.79439,0.60714,0.81392,0.55,0.80879,0.56637,0.96772,0.98039,0.97791,0.97647,0.93303,0.75789,0.97396,0.875,0.97253,0.8629,0.86194,0.69737,0.92136,0.70423,0.91213,0.63514,0.90419,0.70492,0.90538,0.69,0.90828,0.72727,0.88034,0.63636,0.85256,0.65625,0.83344,0.60976,0.89981,0.69231,0.87505,0.78571,0.94096,0.9,0.80778,0.57143,0.87889,0.76667,0.84781,0.61702,0.92819,0.76923,0.92223,0.74286,0.85671,0.56522,0.91984,0.8,0.77235,0.6,0.9009,0.61111,0.73181,0.44,0.93356,0.88462,0.87835,0.7037,0.63804,0.25,0.74691,0.6,0.92023,0.71429
0.87892,0.67769,0.80996,0.51111,0.8058,0.55056,0.80423,0.6125,0.79583,0.55357,0.82381,0.5375,0.80805,0.56637,0.97186,0.98039,0.97366,0.96471,0.93169,0.77895,0.97124,0.88158,0.98072,0.87097,0.92739,0.78947,0.91884,0.69014,0.92257,0.68919,0.90133,0.68033,0.85992,0.66,0.90037,0.69091,0.87446,0.63636,0.85412,0.65625,0.82099,0.60976,0.88535,0.69231,0.89809,0.82143,0.94588,0.9,0.72188,0.57143,0.8319,0.63333,0.82186,0.74468,0.77174,0.5641,0.91862,0.72857,0.8402,0.6087,0.91984,0.8,0.86617,0.6,0.91181,0.66667,0.94127,0.72,0.94928,0.84615,0.89188,0.66667,0.63984,0.375,0.82214,0.64,0.93278,0.85714
0.83861,0.66116,0.80487,0.53333,0.80957,0.58427,0.80824,0.625,0.79497,0.58929,0.81517,0.5625,0.72236,0.38938,0.96475,0.97059,0.97481,0.97647,0.93728,0.76842,0.97223,0.88158,0.92259,0.79839,0.94854,0.81579,0.92177,0.69014,0.90043,0.62162,0.89564,0.69672,0.9071,0.69,0.90656,0.70909,0.87647,0.60606,0.85247,0.6875,0.85874,0.65854,0.8813,0.69231,0.92217,0.85714,0.94756,0.9,0.87353,0.78571,0.85525,0.7,0.91775,0.85106,0.92987,0.76923,0.89806,0.71429,0.86354,0.65217,0.86471,0.8,0.86321,0.6,0.87011,0.61111,0.92331,0.68,0.9255,0.92308,0.88353,0.66667,0.65747,0.375,0.81349,0.64,0.92218,0.78571
0.85177,0.66116,0.83608,0.6,0.76406,0.57303,0.80384,0.6,0.78992,0.60714,0.80679,0.55,0.79747,0.56637,0.97039,0.98039,0.97684,0.97647,0.93464,0.77895,0.97414,0.875,0.94495,0.81452,0.94866,0.81579,0.91927,0.70423,0.91027,0.71622,0.90493,0.70492,0.88788,0.69,0.90133,0.70909,0.8897,0.63636,0.85352,0.65625,0.84624,0.63415,0.66334,0.38462,0.63661,0.32143,0.94654,0.9,0.84781,0.64286,0.88828,0.8,0.87545,0.74468,0.92542,0.76923,0.92767,0.74286,0.79333,0.6087,0.83532,0.8,0.8679,0.6,0.92785,0.61111,0.91347,0.56,0.95005,0.88462,0.8882,0.62963,0.64428,0.41667,0.82192,0.68,0.88221,0.71429
0.86773,0.68595,0.81743,0.55556,0.82056,0.55056,0.80369,0.6125,0.72499,0.46429,0.79905,0.55,0.78131,0.55752,0.80377,0.53922,0.96977,0.97647,0.9279,0.75789,0.97113,0.86842,0.97931,0.87097,0.9459,0.81579,0.9206,0.70423,0.80654,0.58108,0.90712,0.71311,0.38318,0.19,0.47088,0.23636,0.89133,0.66667,0.84956,0.6875,0.85098,0.63415,0.69669,0.35897,0.88783,0.75,0.94976,0.9,0.83176,0.64286,0.82397,0.7,0.91099,0.80851,0.90806,0.73077,0.8527,0.64286,0.8404,0.6087,0.89958,0.8,0.84963,0.6,0.87011,0.61111,0.74204,0.64,0.93339,0.88462,0.91195,0.77778,0.66293,0.41667,0.84119,0.64,0.9208,0.78571
0.81657,0.58678,0.82525,0.58889,0.79257,0.52809,0.80874,0.6125,0.76825,0.51786,0.80578,0.55,0.69902,0.40708,0.97185,0.98039,0.97711,0.97647,0.93415,0.76842,0.9753,0.88816,0.97548,0.8629,0.94944,0.81579,0.90973,0.69014,0.92229,0.71622,0.88597,0.69672,0.90619,0.71,0.90546,0.70909,0.87576,0.63636,0.85122,0.65625,0.85572,0.63415,0.90747,0.71795,0.89953,0.75,0.94135,0.9,0.86983,0.78571,0.74649,0.5,0.90817,0.82979,0.91225,0.75641,0.93312,0.74286,0.84181,0.56522,0.89938,0.8,0.86099,0.6,0.92785,0.61111,0.92634,0.72,0.94986,0.84615,0.88874,0.66667,0.64634,0.41667,0.76784,0.56,0.9316,0.85714
0.71842,0.46281,0.81787,0.6,0.82482,0.57303,0.81971,0.625,0.79639,0.58929,0.81111,0.55,0.79732,0.51327,0.97109,0.98039,0.97754,0.97647,0.91903,0.74737,0.97472,0.86842,0.97876,0.8629,0.94704,0.81579,0.91106,0.67606,0.91808,0.71622,0.87019,0.66393,0.75643,0.49,0.9027,0.69091,0.86116,0.60606,0.8504,0.65625,0.8495,0.63415,0.86538,0.71795,0.88924,0.78571,0.94678,0.9,0.81042,0.57143,0.8484,0.7,0.90136,0.82979,0.87972,0.65385,0.88086,0.67143,0.81903,0.6087,0.93646,0.8,0.86025,0.6,0.92988,0.61111,0.74204,0.64,0.94698,0.84615,0.89382,0.7037,0.64428,0.41667,0.812,0.68,0.92958,0.85714
0.79489,0.56198,0.80718,0.57778,0.82724,0.61798,0.79652,0.6125,0.77429,0.55357,0.78417,0.525,0.80963,0.56637,0.96839,0.98039,0.97406,0.97647,0.93128,0.77895,0.98267,0.88158,0.97817,0.8629,0.94498,0.81579,0.89462,0.69014,0.92306,0.71622,0.9131,0.71311,0.90328,0.71,0.88995,0.67273,0.88823,0.63636,0.81314,0.59375,0.85906,0.65854,0.90349,0.71795,0.89769,0.82143,0.94297,0.9,0.80179,0.64286,0.86617,0.7,0.90896,0.82979,0.91497,0.74359,0.87666,0.68571,0.85322,0.65217,0.93301,0.8,0.86049,0.6,0.87693,0.61111,0.82383,0.64,0.93973,0.88462,0.87342,0.59259,0.64785,0.41667,0.80645,0.68,0.83067,0.78571
0.76232,0.5124,0.82521,0.55556,0.78519,0.59551,0.81663,0.6125,0.73925,0.5,0.81377,0.525,0.80188,0.55752,0.96537,0.98039,0.97501,0.97647,0.93818,0.77895,0.98154,0.88158,0.97603,0.8629,0.94453,0.80263,0.91316,0.69014,0.90776,0.7027,0.92036,0.71311,0.83312,0.6,0.89061,0.67273,0.84471,0.54545,0.84768,0.65625,0.85135,0.65854,0.85703,0.66667,0.89837,0.82143,0.94582,0.9,0.7982,0.64286,0.87455,0.73333,0.90603,0.78723,0.92923,0.76923,0.92997,0.75714,0.83608,0.56522,0.66256,0.2,0.87309,0.6,0.88339,0.61111,0.8877,0.68,0.94209,0.88462,0.90299,0.7037,0.64785,0.41667,0.8161,0.68,0.7055,0.42857
0.83073,0.61157,0.819,0.54444,0.8132,0.57303,0.80086,0.6375,0.79444,0.58929,0.69905,0.45,0.79061,0.56637,0.97181,0.98039,0.97523,0.97647,0.93118,0.77895,0.96071,0.86184,0.97341,0.85484,0.90732,0.75,0.92279,0.71831,0.88962,0.68919,0.90886,0.72131,0.87902,0.71,0.91327,0.69091,0.90132,0.60606,0.85879,0.6875,0.86313,0.65854,0.85104,0.71795,0.9038,0.82143,0.95123,0.9,0.84934,0.64286,0.87324,0.73333,0.91745,0.87234,0.92923,0.76923,0.89806,0.71429,0.85288,0.6087,0.91984,0.8,0.85827,0.6,0.8783,0.61111,0.89179,0.68,0.92335,0.88462,0.76,0.55556,0.63779,0.375,0.75306,0.48,0.9089,0.71429
0.85297,0.66942,0.8306,0.58889,0.80514,0.55056,0.80511,0.6125,0.78173,0.51786,0.80314,0.575,0.80657,0.57522,0.97225,0.98039,0.9754,0.97647,0.92547,0.74737,0.89075,0.73684,0.97563,0.8629,0.94609,0.81579,0.91931,0.71831,0.87844,0.68919,0.89401,0.69672,0.89655,0.7,0.89787,0.70909,0.89127,0.66667,0.85101,0.65625,0.81321,0.60976,0.89862,0.74359,0.89856,0.78571,0.94666,0.9,0.85384,0.71429,0.84459,0.7,0.89711,0.76596,0.90806,0.73077,0.92556,0.74286,0.8507,0.65217,0.86556,0.8,0.86025,0.6,0.92982,0.66667,0.91758,0.64,0.94896,0.92308,0.11268,0.037037,0.65766,0.375,0.82585,0.68,0.90715,0.78571
0.82537,0.65289,0.83986,0.62222,0.80465,0.62921,0.80125,0.625,0.76479,0.55357,0.8146,0.55,0.80707,0.57522,0.97381,0.98039,0.97502,0.97647,0.93793,0.77895,0.97125,0.875,0.97354,0.85484,0.94847,0.80263,0.92135,0.70423,0.74609,0.52703,0.91177,0.68033,0.85357,0.59,0.85907,0.61818,0.87563,0.63636,0.85962,0.65625,0.84524,0.63415,0.88947,0.74359,0.83858,0.75,0.95138,0.9,0.86311,0.78571,0.87951,0.73333,0.91825,0.87234,0.92871,0.76923,0.88086,0.67143,0.85608,0.65217,0.87572,0.8,0.87309,0.6,0.9264,0.61111,0.92237,0.68,0.93516,0.88462,0.39123,0.33333,0.66502,0.33333,0.78844,0.64,0.92151,0.78571
0.86189,0.68595,0.74509,0.46667,0.79493,0.58427,0.81082,0.625,0.77245,0.57143,0.57716,0.2875,0.81374,0.53982,0.96992,0.98039,0.97754,0.97647,0.91007,0.73684,0.97576,0.875,0.97584,0.8629,0.94581,0.81579,0.92095,0.67606,0.9254,0.72973,0.89421,0.69672,0.86328,0.67,0.89109,0.65455,0.8757,0.60606,0.83351,0.59375,0.85422,0.65854,0.86366,0.74359,0.89391,0.75,0.94516,0.9,0.82358,0.71429,0.87874,0.76667,0.89148,0.76596,0.77174,0.5641,0.92767,0.74286,0.84742,0.6087,0.92695,0.8,0.8642,0.6,0.89473,0.61111,0.92331,0.68,0.92976,0.92308,0.90569,0.7037,0.64271,0.41667,0.6917,0.48,0.92866,0.85714
0.81191,0.59504,0.83265,0.58889,0.80237,0.57303,0.80621,0.6125,0.7574,0.60714,0.81296,0.5125,0.78484,0.54867,0.97142,0.98039,0.97666,0.97647,0.88938,0.72632,0.88305,0.71711,0.97186,0.8629,0.94569,0.80263,0.91903,0.70423,0.90157,0.7027,0.86073,0.68033,0.83326,0.57,0.91189,0.69091,0.88504,0.63636,0.85867,0.65625,0.84133,0.63415,0.86381,0.66667,0.86506,0.75,0.94378,0.9,0.81694,0.57143,0.63461,0.23333,0.90404,0.76596,0.92923,0.76923,0.92611,0.74286,0.84549,0.56522,0.92636,0.8,0.86617,0.6,0.89902,0.61111,0.88925,0.68,0.93429,0.88462,0.88641,0.59259,0.62796,0.33333,0.81368,0.64,0.93984,0.85714
0.82508,0.57851,0.78369,0.46667,0.71235,0.44944,0.81371,0.6125,0.73396,0.46429,0.81832,0.55,0.79691,0.57522,0.94315,0.92157,0.97573,0.97647,0.93087,0.76842,0.96433,0.86184,0.97466,0.85484,0.9455,0.81579,0.90748,0.69014,0.92097,0.71622,0.90665,0.71311,0.83087,0.56,0.91404,0.70909,0.8778,0.66667,0.76754,0.53125,0.80392,0.53659,0.8507,0.69231,0.90248,0.82143,0.94105,0.9,0.85579,0.64286,0.88673,0.8,0.82583,0.6383,0.92923,0.76923,0.9315,0.74286,0.84765,0.6087,0.89925,0.8,0.8679,0.6,0.79555,0.61111,0.89994,0.68,0.95253,0.88462,0.84714,0.7037,0.5838,0.25,0.81368,0.68,0.92023,0.71429
0.84504,0.65289,0.82843,0.57778,0.7869,0.57303,0.80092,0.625,0.76754,0.55357,0.82862,0.575,0.79679,0.57522,0.97146,0.98039,0.9777,0.97647,0.93535,0.74737,0.97057,0.88158,0.97822,0.8629,0.93433,0.80263,0.91868,0.69014,0.88997,0.62162,0.89851,0.67213,0.85699,0.63,0.91051,0.70909,0.86393,0.63636,0.84717,0.625,0.79105,0.5122,0.85596,0.69231,0.87908,0.75,0.94498,0.9,0.81639,0.64286,0.86654,0.76667,0.87495,0.74468,0.87958,0.65385,0.90262,0.7,0.85472,0.6087,0.94839,0.8,0.86617,0.6,0.89487,0.61111,0.91347,0.56,0.93803,0.92308,0.3911,0.33333,0.63804,0.25,0.74691,0.6,0.91642,0.78571
0.84264,0.66116,0.72923,0.43333,0.78907,0.51685,0.80391,0.625,0.80357,0.57143,0.80396,0.55,0.79775,0.56637,0.96544,0.98039,0.97558,0.97647,0.93343,0.75789,0.96423,0.86184,0.97789,0.87903,0.9431,0.81579,0.92263,0.70423,0.91695,0.72973,0.86338,0.68033,0.84085,0.65,0.9046,0.70909,0.88186,0.63636,0.83434,0.59375,0.84529,0.63415,0.8507,0.71795,0.89539,0.78571,0.94687,0.9,0.8099,0.64286,0.87129,0.73333,0.8996,0.78723,0.90806,0.73077,0.88804,0.68571,0.84974,0.65217,0.913,0.8,0.86049,0.6,0.90364,0.61111,0.93995,0.72,0.93384,0.88462,0.78283,0.62963,0.66157,0.41667,0.77777,0.48,0.92383,0.85714
0.71262,0.47107,0.80354,0.56667,0.8028,0.58427,0.80484,0.625,0.7508,0.53571,0.80564,0.55,0.80438,0.57522,0.96933,0.98039,0.9762,0.97647,0.93285,0.75789,0.96518,0.84868,0.98027,0.87097,0.94576,0.81579,0.91661,0.70423,0.82489,0.55405,0.89604,0.69672,0.90545,0.69,0.90784,0.72727,0.84872,0.54545,0.84633,0.625,0.84829,0.63415,0.90364,0.71795,0.88552,0.67857,0.94378,0.9,0.8556,0.71429,0.7616,0.6,0.91776,0.85106,0.92974,0.76923,0.85391,0.65714,0.86916,0.65217,0.83545,0.8,0.8679,0.6,0.8971,0.61111,0.86292,0.64,0.95436,0.88462,0.30674,0.22222,0.64634,0.41667,0.83175,0.64,0.9248,0.85714
0.83877,0.64463,0.82383,0.57778,0.79022,0.51685,0.81396,0.6125,0.77605,0.55357,0.59328,0.2875,0.79123,0.56637,0.97149,0.98039,0.97267,0.96471,0.93618,0.76842,0.9718,0.86842,0.98019,0.87097,0.71229,0.5,0.89181,0.67606,0.91289,0.7027,0.90257,0.70492,0.84021,0.67,0.88916,0.65455,0.89134,0.66667,0.84959,0.65625,0.84253,0.63415,0.86755,0.71795,0.92216,0.85714,0.94621,0.9,0.81343,0.64286,0.8024,0.66667,0.89939,0.78723,0.92577,0.78205,0.92205,0.74286,0.83928,0.6087,0.74409,0.6,0.85654,0.6,0.91413,0.61111,0.9475,0.72,0.90221,0.92308,0.78283,0.62963,0.66713,0.375,0.75808,0.52,0.90035,0.78571
0.81513,0.61157,0.81709,0.6,0.81907,0.59551,0.78507,0.5875,0.75941,0.5,0.81222,0.575,0.62788,0.36283,0.96895,0.98039,0.97496,0.97647,0.92946,0.70526,0.972,0.88158,0.97304,0.8629,0.9464,0.81579,0.92052,0.70423,0.91997,0.67568,0.79523,0.45082,0.91455,0.71,0.90526,0.67273,0.88336,0.63636,0.85271,0.65625,0.8058,0.58537,0.88195,0.71795,0.92216,0.85714,0.94378,0.9,0.81001,0.64286,0.89322,0.8,0.81797,0.61702,0.92244,0.76923,0.91974,0.71429,0.85645,0.6087,0.87572,0.8,0.85852,0.6,0.90743,0.61111,0.94395,0.72,0.93014,0.92308,0.84714,0.7037,0.67463,0.375,0.76,0.48,0.89974,0.78571
0.84234,0.63636,0.82435,0.57778,0.74461,0.44944,0.80944,0.625,0.75524,0.55357,0.79976,0.5375,0.78168,0.54867,0.97093,0.98039,0.97569,0.97647,0.9366,0.78947,0.97241,0.88816,0.97778,0.87097,0.86694,0.68421,0.91867,0.70423,0.90983,0.68919,0.90158,0.70492,0.80787,0.59,0.89021,0.67273,0.89521,0.63636,0.83641,0.625,0.80988,0.58537,0.86275,0.71795,0.91384,0.78571,0.94384,0.9,0.77811,0.57143,0.88445,0.8,0.83687,0.51064,0.91476,0.74359,0.92223,0.74286,0.8315,0.56522,0.93301,0.8,0.86247,0.6,0.91854,0.61111,0.86098,0.64,0.87904,0.88462,0.89403,0.7037,0.64428,0.41667,0.79494,0.6,0.89461,0.71429
0.83889,0.61983,0.82737,0.57778,0.83365,0.62921,0.79417,0.625,0.77106,0.57143,0.79732,0.55,0.80684,0.57522,0.97051,0.98039,0.97492,0.97647,0.93414,0.75789,0.94977,0.86184,0.97349,0.87097,0.94575,0.81579,0.91989,0.70423,0.91268,0.68919,0.90639,0.71311,0.89102,0.69,0.90649,0.69091,0.86853,0.63636,0.85041,0.65625,0.84884,0.63415,0.87868,0.74359,0.8879,0.78571,0.94927,0.9,0.81108,0.57143,0.70083,0.43333,0.84193,0.61702,0.79574,0.57692,0.93303,0.77143,0.84442,0.6087,0.83552,0.8,0.86222,0.6,0.87534,0.61111,0.94635,0.72,0.82324,0.80769,0.89635,0.62963,0.63984,0.375,0.82214,0.64,0.93278,0.85714
